timestep,z_0,z_1,z_2,z_3,innovation_0,innovation_1,innovation_2,innovation_3,S_0_0,S_0_1,S_0_2,S_0_3,S_1_0,S_1_1,S_1_2,S_1_3,S_2_0,S_2_1,S_2_2,S_2_3,S_3_0,S_3_1,S_3_2,S_3_3
95,1.60533,-0.624899,1.99184,-0.0196271,-0.313441,-0.626678,-0.0046321,-0.102638,0.937858,2.41284e-09,0.0403639,0.00160776,2.41284e-09,0.937858,-0.00160457,0.0403665,0.0403639,-0.00160457,0.0442688,-0.000158964,0.00160776,0.0403665,-0.000158964,0.0482252
193,3.71883,-0.192436,2.01232,-0.00201061,-0.00307666,0.159756,0.027088,0.0320906,0.722845,-1.14595e-06,0.00121736,3.18713e-05,-1.14595e-06,0.727466,-9.41822e-05,0.00202954,0.00121736,-9.41822e-05,0.00421833,9.99784e-06,3.18713e-05,0.00202954,9.99784e-06,0.00556853
252,5.42872,-0.0880088,2.00137,-0.0030933,0.512292,0.182006,-0.0203129,-0.00626843,0.654057,3.95903e-05,0.000191392,-2.06903e-06,3.95903e-05,0.657454,8.54422e-05,0.000205825,0.000191392,8.54422e-05,0.000803193,-4.46293e-07,-2.06903e-06,0.000205825,-4.46293e-07,0.000832975
289,5.04652,-0.253008,1.98902,0.0164257,-0.72841,0.033508,-0.0195353,0.0155822,0.617773,6.69144e-06,8.06527e-05,1.65189e-06,6.69144e-06,0.620315,-4.75386e-05,0.000109343,8.06527e-05,-4.75386e-05,0.000464175,8.50108e-07,1.65189e-06,0.000109343,8.50108e-07,0.000473202
324,6.00311,0.226415,2.00105,-0.0078831,-0.328366,0.510828,0.00577558,-0.0259163,0.595335,2.19718e-05,7.03112e-05,1.62969e-06,2.19718e-05,0.598017,4.6616e-06,8.70715e-05,7.03112e-05,4.6616e-06,0.000416428,-1.11367e-08,1.62969e-06,8.70715e-05,-1.11367e-08,0.000425898
385,7.85014,0.603382,2.01471,0.01182,0.350761,0.893735,0.0106284,0.0101594,0.580148,3.68749e-05,0.000179444,8.58913e-06,3.68749e-05,0.583422,-5.98921e-05,0.000170797,0.000179444,-5.98921e-05,0.000611271,1.01055e-06,8.58913e-06,0.000170797,1.01055e-06,0.00062749
441,10.0889,-0.60032,1.99298,0.00759377,1.40941,-0.422622,-0.0277915,-0.00602502,0.569127,9.77607e-05,0.000172508,5.79847e-06,9.77607e-05,0.572832,3.45512e-05,0.000151334,0.000172508,3.45512e-05,0.000554895,-5.50629e-07,5.79847e-06,0.000151334,-5.50629e-07,0.000569423
531,10.1324,0.671223,2.01362,-0.00827706,-0.512022,0.881288,0.0126916,-0.0222472,0.560962,0.000130497,0.000381041,6.05439e-06,0.000130497,0.565394,6.70457e-05,0.00040336,0.000381041,6.70457e-05,0.000801345,5.29737e-08,6.05439e-06,0.00040336,5.29737e-08,0.000823392
577,10.6089,0.128251,2.00041,0.0126965,-0.912421,0.25764,-0.0185952,0.0183526,0.55427,0.000107912,0.000145636,1.18706e-06,0.000107912,0.55973,-1.22835e-05,0.000124069,0.000145636,-1.22835e-05,0.000462096,2.27194e-07,1.18706e-06,0.000124069,2.27194e-07,0.000473038
647,13.4151,0.159034,2.0177,-0.0136045,0.585274,0.247206,0.0133125,-0.0239258,0.549064,0.000111075,0.00023334,1.11839e-06,0.000111075,0.555485,2.44581e-05,0.000241432,0.00023334,2.44581e-05,0.000605427,-2.75926e-08,1.11839e-06,0.000241432,-2.75926e-08,0.00062204
695,13.7242,-0.127997,1.99105,0.00443126,-0.132072,-0.151746,-0.0287544,0.0157021,0.544678,7.53084e-05,0.000142344,-4.08989e-06,7.53084e-05,0.550775,5.01772e-05,0.00012649,0.000142344,5.01772e-05,0.000460864,-1.33739e-07,-4.08989e-06,0.00012649,-1.33739e-07,0.000471699
784,15.1518,0.969802,1.99897,0.00225441,-0.464637,0.964649,-0.0037792,0.00179801,0.541227,-1.08758e-05,0.000340379,-6.7896e-06,-1.08758e-05,0.549099,-2.68774e-05,0.000369072,0.000340379,-2.68774e-05,0.000717612,-2.02015e-08,-6.7896e-06,0.000369072,-2.02015e-08,0.000738338
816,16.2037,-0.323388,2.01547,0.0101632,-0.015578,-0.432709,0.0154954,0.00498532,0.537992,-2.54236e-05,0.000100044,-2.38626e-06,-2.54236e-05,0.546408,4.47144e-06,0.00010271,0.000100044,4.47144e-06,0.000362248,-1.10521e-08,-2.38626e-06,0.00010271,-1.10521e-08,0.000369361
847,16.187,0.174388,2.00019,0.0130249,-0.658508,0.0810631,-0.0122556,0.00277854,0.535314,-6.31467e-05,7.38995e-05,-1.49119e-06,-6.31467e-05,0.544443,1.44031e-06,4.92394e-05,7.38995e-05,1.44031e-06,0.00034097,-2.01807e-08,-1.49119e-06,4.92394e-05,-2.01807e-08,0.000348207
932,18.8767,-0.356749,1.99137,-0.0183,0.373208,-0.474267,-0.0136908,-0.0382774,0.533173,-0.000113861,0.000291147,-6.81977e-06,-0.000113861,0.541699,-1.39024e-05,0.000305753,0.000291147,-1.39024e-05,0.000663976,-1.3569e-07,-6.81977e-06,0.000305753,-1.3569e-07,0.000683541
990,20.1943,0.713909,2.00015,-0.00667589,0.516421,0.625479,0.00481079,0.000693411,0.531112,-0.000193088,0.000187548,-4.9072e-06,-0.000193088,0.541828,-5.65084e-05,0.000199106,0.000187548,-5.65084e-05,0.000509552,2.87308e-08,-4.9072e-06,0.000199106,2.87308e-08,0.000521885
1087,21.7395,0.486272,2.00025,0.0102781,0.0863719,0.448988,-0.00166676,0.0109003,0.529546,-0.000193411,0.000389884,-2.35009e-06,-0.000193411,0.540183,-6.89886e-05,0.000394114,0.000389884,-6.89886e-05,0.000741986,8.15781e-08,-2.35009e-06,0.000394114,8.15781e-08,0.000763279
1184,23.4687,1.24715,2.00074,-0.000371892,-0.112927,1.22394,-0.00147321,-0.0176937,0.524666,-0.000140762,0.000395121,-1.42586e-06,-0.000140762,0.534522,1.08541e-07,0.00039406,0.000395121,1.08541e-07,0.00074219,-1.30106e-07,-1.42586e-06,0.00039406,-1.30106e-07,0.000763902
1268,26.775,-1.04562,2.01177,-0.00061672,1.51553,-1.06344,0.00740416,-0.00689321,0.523573,-0.000162171,0.000325834,1.96042e-06,-0.000162171,0.535129,-4.6205e-05,0.000322982,0.000325834,-4.6205e-05,0.000657673,1.45099e-08,1.96042e-06,0.000322982,1.45099e-08,0.00067599
1345,26.136,0.57479,2.00251,-0.012582,-0.74289,0.613491,-0.00957305,-0.0179228,0.522571,-0.000106601,0.000279312,1.22431e-06,-0.000106601,0.53363,-4.50822e-06,0.000274544,0.000279312,-4.50822e-06,0.000610836,-8.40343e-09,1.22431e-06,0.000274544,-8.40343e-09,0.000627831
1372,27.4384,0.0706815,2.00335,0.0145112,0.0549251,0.0821601,0.000522079,0.0225546,0.521513,-0.000100002,8.59938e-05,1.12207e-07,-0.000100002,0.53275,-1.32001e-05,9.15557e-05,8.59938e-05,-1.32001e-05,0.000326027,3.09501e-08,1.12207e-07,9.15557e-05,3.09501e-08,0.000331971
1438,28.6357,1.06025,1.99841,0.00126051,-0.0727673,1.10665,-0.00552392,-0.0128103,0.520719,-7.95791e-05,0.000189378,1.6997e-06,-7.95791e-05,0.532564,2.28797e-06,0.000192503,0.000189378,2.28797e-06,0.000527127,-7.39306e-08,1.6997e-06,0.000192503,-7.39306e-08,0.000541622
1509,31.14,-0.304313,2.00594,0.00184316,1.01732,-0.386884,0.00532649,-0.0059475,0.519986,-6.97129e-05,0.000230456,-7.57936e-07,-6.97129e-05,0.53269,2.51226e-05,0.000235984,0.000230456,2.51226e-05,0.000567859,-4.12232e-08,-7.57936e-07,0.000235984,-4.12232e-08,0.000583266
1555,31.5235,-1.00109,1.99464,-0.00118239,0.437242,-1.03217,-0.00982352,-0.00731625,0.519202,-7.53425e-05,0.000133962,1.92993e-07,-7.53425e-05,0.531403,-1.10079e-05,0.000131412,0.000133962,-1.10079e-05,0.000427456,7.02813e-10,1.92993e-07,0.000131412,7.02813e-10,0.000437449
1617,32.4949,0.728269,1.98403,-0.00864029,0.15731,0.763985,-0.0125238,-0.0120334,0.518562,-7.75734e-05,0.000181622,5.72234e-07,-7.75734e-05,0.532755,-1.29785e-05,0.000186747,0.000181622,-1.29785e-05,0.000509989,-3.91534e-09,5.72234e-07,0.000186747,-3.91534e-09,0.000523398
1654,32.519,0.481494,1.99035,0.00743663,-0.554255,0.433383,0.00519014,0.0117745,0.517883,-6.21211e-05,0.000100304,-5.52037e-07,-6.21211e-05,0.531004,8.04815e-06,0.000112718,0.000100304,8.04815e-06,0.000375444,2.6129e-08,-5.52037e-07,0.000112718,2.6129e-08,0.000383412
1727,33.7387,0.782876,2.00036,0.00375862,-0.768617,0.688206,0.0110389,-0.00581325,0.517386,-6.35622e-05,0.00022365,-1.51546e-06,-6.35622e-05,0.531417,2.24576e-05,0.000220911,0.00022365,2.24576e-05,0.000567514,-5.65046e-08,-1.51546e-06,0.000220911,-5.65046e-08,0.000583185
1827,35.5727,-0.256351,2.00902,-0.00855476,-0.911185,-0.381993,0.0114574,-0.0179462,0.51706,-7.93376e-05,0.000398296,-2.6199e-06,-7.93376e-05,0.530488,4.04957e-06,0.000402661,0.000398296,4.04957e-06,0.000732821,-6.33543e-08,-2.6199e-06,0.000402661,-6.33543e-08,0.000754369
1913,37.9118,0.643765,2.01543,-0.0187434,-0.275896,0.556705,0.00623782,-0.017145,0.516564,-9.18036e-05,0.000330745,-1.61267e-06,-9.18036e-05,0.530252,-1.49874e-05,0.000325812,0.000330745,-1.49874e-05,0.000654124,6.79202e-08,-1.61267e-06,0.000325812,6.79202e-08,0.000672647
2008,39.8627,0.363592,1.99567,0.00292553,-0.232329,0.273489,-0.0164612,0.0198307,0.516201,-9.15935e-05,0.000378398,-2.15002e-06,-9.15935e-05,0.531629,-1.35727e-05,0.000368837,0.000378398,-1.35727e-05,0.000703119,2.1428e-07,-2.15002e-06,0.000368837,2.1428e-07,0.000723788
2058,41.595,-0.216638,1.99992,-0.00196275,0.517772,-0.309389,0.00522662,-0.00653272,0.515597,-6.95402e-05,0.000161835,-5.7258e-07,-6.95402e-05,0.529657,1.10218e-05,0.000177966,0.000161835,1.10218e-05,0.000450135,-5.50979e-09,-5.7258e-07,0.000177966,-5.50979e-09,0.000460704
2145,42.9741,0.0350297,1.99929,0.0132251,0.142467,-0.0642588,0.00266052,0.0120094,0.515308,-7.81461e-05,0.000307922,-1.61992e-06,-7.81461e-05,0.530566,5.87253e-06,0.000313661,0.000307922,5.87253e-06,0.000647644,-4.98999e-09,-1.61992e-06,0.000313661,-4.98999e-09,0.0006662
2178,42.3792,0.0451607,1.99344,-0.0221589,-1.11722,-0.0633055,-0.00424196,-0.0367808,0.514761,-8.09284e-05,0.000102573,-4.88813e-07,-8.09284e-05,0.530055,1.26426e-05,9.75135e-05,0.000102573,1.26426e-05,0.000356772,-5.99081e-08,-4.88813e-07,9.75135e-05,-5.99081e-08,0.000363884
2256,45.0981,0.20161,2.00517,-0.00422149,0.077596,0.0943115,0.00727508,0.00822326,0.514481,-9.72935e-05,0.000247171,-1.84745e-06,-9.72935e-05,0.530685,-1.7612e-05,0.000249988,0.000247171,-1.7612e-05,0.000589384,1.20835e-07,-1.84745e-06,0.000249988,1.20835e-07,0.000606023
2327,47.0543,-0.226188,1.99206,-0.00078728,0.587059,-0.463228,-0.0130047,0.000321969,0.513221,-7.44522e-05,0.000231801,-3.80948e-06,-7.44522e-05,0.52712,2.5967e-05,0.000223598,0.000231801,2.5967e-05,0.000561872,-3.78804e-09,-3.80948e-06,0.000223598,-3.78804e-09,0.000577031
2384,46.3074,-0.470314,1.98816,0.000526722,-1.30577,-0.709333,-0.00532243,-0.00114888,0.512895,-9.48105e-05,0.000173248,-3.00995e-06,-9.48105e-05,0.527033,8.03476e-06,0.000181777,0.000173248,8.03476e-06,0.000483382,8.66085e-09,-3.00995e-06,0.000181777,8.66085e-09,0.000495442
2424,47.2166,-0.183175,2.01303,-0.0220961,-1.15756,-0.387085,0.0254536,-0.0243819,0.512563,-0.000101685,0.000108442,-1.68147e-06,-0.000101685,0.526252,-2.25645e-06,0.000114955,0.000108442,-2.25645e-06,0.000388241,-1.14165e-09,-1.68147e-06,0.000114955,-1.14165e-09,0.00039677
2447,48.8745,-0.552877,1.99153,0.000726526,0.0598835,-0.73437,-0.0158245,0.0149136,0.512245,-0.000104288,5.7901e-05,-6.85774e-07,-0.000104288,0.525772,-1.7783e-05,3.98636e-05,5.7901e-05,-1.7783e-05,0.000293014,9.4346e-08,-6.85774e-07,3.98636e-05,9.4346e-08,0.000298279
2503,50.2019,1.02495,1.99801,-0.00881002,0.271137,0.920066,0.00349089,-0.0080809,0.512014,-0.000107728,0.000138107,-1.15843e-06,-0.000107728,0.525807,-8.13655e-06,0.000142145,0.000138107,-8.13655e-06,0.000460158,1.47411e-08,-1.15843e-06,0.000142145,1.47411e-08,0.000472152
2560,51.353,-0.82295,1.99248,0.00617065,0.276787,-0.974188,-0.0041847,0.0111534,0.511784,-0.000109197,0.000159539,-1.57548e-06,-0.000109197,0.525832,-2.40089e-06,0.000160516,0.000159539,-2.40089e-06,0.000478683,3.64524e-08,-1.57548e-06,0.000160516,3.64524e-08,0.000490851
2607,53.1275,-0.819748,1.99991,0.0125427,1.10942,-0.936975,0.00548517,0.00557805,0.511528,-0.000115819,0.000127512,-1.05144e-06,-0.000115819,0.526373,6.65365e-06,0.000128971,0.000127512,6.65365e-06,0.000425287,-3.1394e-08,-1.05144e-06,0.000128971,-3.1394e-08,0.000435306
2701,53.9806,-0.515464,2.00089,-0.00536205,0.0587514,-0.608647,0.00345468,-0.0200718,0.511501,-0.000128672,0.000339461,-2.37063e-06,-0.000128672,0.527041,6.63933e-06,0.000345585,0.000339461,6.63933e-06,0.000682019,-1.10339e-07,-2.37063e-06,0.000345585,-1.10339e-07,0.000701946
2788,56.2827,-0.82611,2.00965,0.00613872,0.617958,-0.864439,0.0120409,0.00373955,0.511348,-0.00014321,0.000327579,-1.41801e-06,-0.00014321,0.527254,-1.80424e-05,0.000334081,0.000327579,-1.80424e-05,0.000651792,1.59454e-08,-1.41801e-06,0.000334081,1.59454e-08,0.000670063
2839,55.9222,0.534957,1.99204,-0.00493378,-0.786721,0.517477,-0.0188873,-0.0158263,0.511034,-0.000131877,0.000160958,-5.72124e-07,-0.000131877,0.526818,1.92269e-06,0.000152887,0.000160958,1.92269e-06,0.00045229,-4.57062e-08,-5.72124e-07,0.000152887,-4.57062e-08,0.000463199
2926,58.9117,0.489931,2.00195,0.0144794,0.492361,0.445485,0.0116187,0.0175269,0.510976,-0.000144635,0.000305568,-1.86454e-06,-0.000144635,0.528037,-5.54535e-06,0.000322548,0.000305568,-5.54535e-06,0.000643057,1.1774e-08,-1.86454e-06,0.000322548,1.1774e-08,0.000661382
3020,61.0025,-0.534972,1.98885,0.00788501,0.686465,-0.538152,-0.0117719,-0.00862307,0.510911,-0.000147615,0.000364358,-1.35678e-05,-0.000147615,0.528489,1.43179e-05,0.000363061,0.000364358,1.43179e-05,0.000689356,5.65176e-07,-1.35678e-05,0.000363061,5.65176e-07,0.000709156
3067,60.4632,-0.116308,2.00403,-0.0168205,-0.793211,-0.169252,0.0125506,-0.0304361,0.510581,-0.000233845,0.000148894,-1.93647e-05,-0.000233845,0.52869,1.23376e-05,0.000156125,0.000148894,1.23376e-05,0.000431342,4.3202e-07,-1.93647e-05,0.000156125,4.3202e-07,0.000441118
3128,61.7974,0.501601,1.99351,-0.00110267,-0.648925,0.302646,-0.00743807,0.00425488,0.510432,-0.000426331,0.000174484,-4.30107e-05,-0.000426331,0.527664,1.22075e-05,0.000174002,0.000174484,1.22075e-05,0.000497877,8.98306e-07,-4.30107e-05,0.000174002,8.98306e-07,0.00051058
3171,63.8969,-0.688005,2.00574,0.00420288,0.645661,-1.16122,0.0111025,0.00451573,0.510232,-0.000601712,0.000111061,-3.8297e-05,-0.000601712,0.526883,4.00296e-05,0.000119219,0.000111061,4.00296e-05,0.00040398,4.34311e-07,-3.8297e-05,0.000119219,4.34311e-07,0.00041307
3232,63.4027,-0.35274,1.99967,-0.00276677,-0.994876,-1.21019,-0.00600117,-0.00972937,0.510151,-0.000981387,0.000155289,-7.36526e-05,-0.000981387,0.526773,7.14001e-05,0.000151602,0.000155289,7.14001e-05,0.000495949,8.08433e-07,-7.36526e-05,0.000151602,8.08433e-07,0.00050885
3283,63.7667,1.98873,2.01313,0.0035472,-1.50204,0.660977,0.0118347,0.00185897,0.510052,-0.00133781,0.000121781,-7.48569e-05,-0.00133781,0.526233,7.27712e-05,0.000127329,0.000121781,7.27712e-05,0.000446675,6.00029e-07,-7.48569e-05,0.000127329,6.00029e-07,0.000457439
3312,66.4329,1.33135,2.00547,0.00302192,0.707655,-0.359133,-0.0056929,-0.00221496,0.509912,-0.00157148,6.12717e-05,-4.13221e-05,-0.00157148,0.525716,4.62597e-05,5.33668e-05,6.12717e-05,4.62597e-05,0.000327429,2.06338e-07,-4.13221e-05,5.33668e-05,2.06338e-07,0.000333866
3333,65.8991,2.1639,2.00058,-0.022815,-0.176663,0.230818,-0.00791568,-0.0257891,0.509762,-0.00160677,3.81685e-05,-2.92524e-05,-0.00160677,0.52435,2.98904e-05,4.07301e-05,3.81685e-05,2.98904e-05,0.000277288,1.22912e-07,-2.92524e-05,4.07301e-05,1.22912e-07,0.000282105
3391,67.2244,3.21059,2.01077,-0.0170943,0.270659,0.513965,0.00794666,-0.00432267,0.509886,-0.0022507,0.00010407,-9.95572e-05,-0.0022507,0.524668,8.78955e-05,0.000107703,0.00010407,8.78955e-05,0.000467532,8.42904e-07,-9.95572e-05,0.000107703,8.42904e-07,0.000479836
3433,67.691,3.5142,2.01395,0.0170956,0.151663,0.177063,0.00636978,0.0298291,0.509903,-0.0025399,7.1883e-05,-8.07519e-05,-0.0025399,0.523803,7.93393e-05,6.93401e-05,7.1883e-05,7.93393e-05,0.000397143,4.99897e-07,-8.07519e-05,6.93401e-05,4.99897e-07,0.0004062
3510,68.4888,4.39382,2.00955,0.0110681,0.0284087,-0.172335,-0.00251411,-0.00409125,0.510255,-0.00297256,0.000125164,-0.000205128,-0.00297256,0.522635,0.000215228,0.000133928,0.000125164,0.000215228,0.000582767,1.21503e-06,-0.000205128,0.000133928,1.21503e-06,0.000598941
3598,68.9384,6.18117,2.00977,-0.014118,-0.316252,0.0439481,-0.00293903,-0.0336434,0.511179,-0.00411697,0.000122316,-0.000296923,-0.00411697,0.522877,0.000297122,0.00012348,0.000122316,0.000297122,0.00065236,1.545e-06,-0.000296923,0.00012348,1.545e-06,0.000670721
3676,70.3393,7.82699,2.0109,-0.00939158,0.638505,0.144117,-0.00134587,-0.006778,0.511842,-0.00451204,6.91515e-05,-0.000274118,-0.00451204,0.521639,0.000260428,7.09874e-05,6.91515e-05,0.000260428,0.000598631,1.36239e-06,-0.000274118,7.09874e-05,1.36239e-06,0.0006148
3754,69.8476,8.00991,2.00184,-0.00578429,-0.0991444,-1.22561,-0.0122453,0.0021459,0.512829,-0.00499463,2.42096e-05,-0.000274746,-0.00499463,0.520708,0.000267091,2.43799e-05,2.42096e-05,0.000267091,0.000597061,1.39789e-06,-0.000274746,2.43799e-05,1.39789e-06,0.000613313
3786,69.152,11.1617,1.98989,-0.0229984,-0.826226,1.33799,-0.0145593,-0.0210885,0.513052,-0.00506037,2.94985e-06,-0.000102884,-0.00506037,0.519797,9.62754e-05,7.69653e-06,2.94985e-06,9.62754e-05,0.000348851,2.61926e-07,-0.000102884,7.69653e-06,2.61926e-07,0.000355723
3856,69.0898,10.8177,2.01467,0.00486748,-0.890221,-0.444295,0.0198147,0.020312,0.513717,-0.0049136,1.04327e-05,-0.000219283,-0.0049136,0.518579,0.000199262,1.28617e-05,1.04327e-05,0.000199262,0.000540146,1.26613e-07,-0.000219283,1.28617e-05,1.26613e-07,0.000554884
3936,70.3941,12.9239,1.99562,0.00618638,0.45681,0.0382097,-0.0175013,-0.000189494,0.514952,-0.00507454,-9.8562e-06,-0.000270497,-0.00507454,0.51781,0.000280964,-1.24595e-06,-9.8562e-06,0.000280964,0.000606045,-3.66217e-08,-0.000270497,-1.24595e-06,-3.66217e-08,0.00062304
3967,70.8822,13.6242,2.0052,-0.0019306,0.933124,0.130056,0.00693692,-0.01208,0.515192,-0.0050171,8.15403e-08,-0.00010312,-0.0050171,0.517069,9.49858e-05,5.74971e-06,8.15403e-08,9.49858e-05,0.000343831,-2.18131e-08,-0.00010312,5.74971e-06,-2.18131e-08,0.000350483
3987,69.0968,14.7512,1.98601,0.00534881,-0.882673,0.859414,-0.0166816,0.00227178,0.515209,-0.00486746,7.71469e-06,-5.01007e-05,-0.00486746,0.516449,4.6677e-05,-5.42982e-07,7.71469e-06,4.6677e-05,0.000273505,4.57703e-09,-5.01007e-05,-5.42982e-07,4.57703e-09,0.000278085
4026,69.7303,15.151,2.00817,-0.0105219,-0.193911,0.438993,0.016056,-0.0164449,0.515334,-0.00461902,-3.09699e-06,-9.21049e-05,-0.00461902,0.515769,8.36332e-05,4.69966e-06,-3.09699e-06,8.36332e-05,0.0003652,-1.43084e-08,-9.21049e-05,4.69966e-06,-1.43084e-08,0.000373605
4085,70.2446,16.4007,2.0049,-0.00923696,0.330717,0.485766,-0.000324013,-0.00796854,0.516036,-0.00450934,6.25393e-06,-0.000153825,-0.00450934,0.515203,0.000152664,-2.54797e-06,6.25393e-06,0.000152664,0.000481653,2.77627e-08,-0.000153825,-2.54797e-06,2.77627e-08,0.000494318
4179,69.6379,17.0156,2.00365,-0.0023402,-0.300333,-0.788379,-0.000114407,-0.0002401,0.517398,-0.00438103,8.33487e-06,-0.000351614,-0.00438103,0.514775,0.00033949,3.74423e-07,8.33487e-06,0.00033949,0.000681285,4.88498e-08,-0.000351614,3.74423e-07,4.88498e-08,0.000701126
4200,70.0689,18.4021,2.01772,0.000841469,0.126932,0.200067,0.0150509,0.00148174,0.516739,-0.00404946,2.71349e-06,-8.05785e-05,-0.00404946,0.51412,7.73842e-05,1.09865e-07,2.71349e-06,7.73842e-05,0.000293366,4.87154e-09,-8.05785e-05,1.09865e-07,4.87154e-09,0.000297992
4298,69.5344,19.5117,2.01456,-0.017805,-0.362817,-0.678648,0.000696684,-0.0244908,0.517283,-0.00354729,-4.30486e-06,-0.000346617,-0.00354729,0.512977,0.000345425,-4.19327e-06,-4.30486e-06,0.000345425,0.000688882,-3.91061e-08,-0.000346617,-4.19327e-06,-3.91061e-08,0.00070976
4337,70.7316,20.9814,1.99419,0.00156326,0.828549,0.0194064,-0.0190743,0.0138141,0.517713,-0.00348387,1.41371e-05,-0.000121253,-0.00348387,0.51252,0.000118271,-2.04649e-06,1.41371e-05,0.000118271,0.000388055,7.45991e-08,-0.000121253,-2.04649e-06,7.45991e-08,0.000396427
4423,69.8778,22.3134,1.99337,0.000413121,-0.0570958,-0.353137,-0.00427802,-0.00159036,0.518756,-0.00332687,-9.70825e-07,-0.000309454,-0.00332687,0.512322,0.000291194,1.11672e-07,-9.70825e-07,0.000291194,0.000630966,2.55512e-10,-0.000309454,1.11672e-07,2.55512e-10,0.000649071
4472,70.2609,23.752,2.0107,0.00865864,0.325818,0.119147,0.0163344,0.0026562,0.518907,-0.00315946,1.02355e-06,-0.000159238,-0.00315946,0.51194,0.000148906,-3.65396e-07,1.02355e-06,0.000148906,0.000439879,-7.81005e-09,-0.000159238,-3.65396e-07,-7.81005e-09,0.000450131
4569,69.1771,26.668,1.98842,0.0107975,-0.767634,1.08602,-0.0139358,0.000857255,0.520853,-0.00310754,2.01244e-07,-0.000362673,-0.00310754,0.511874,0.000359902,-3.39247e-06,2.01244e-07,0.000359902,0.000695571,-1.01757e-07,-0.000362673,-3.39247e-06,-1.01757e-07,0.000716032
4653,71.0576,26.9627,2.01169,-0.018032,1.15356,-0.311056,0.0234625,-0.0346746,0.522198,-0.0029994,-2.67231e-06,-0.000328355,-0.0029994,0.511638,0.00031132,-1.53443e-06,-2.67231e-06,0.00031132,0.000632081,-1.06348e-07,-0.000328355,-1.53443e-06,-1.06348e-07,0.000649435
4674,70.0378,28.5974,2.02404,0.0219089,0.0639873,0.903601,0.0138922,0.0335459,0.521826,-0.00284505,2.80417e-05,-6.13542e-05,-0.00284505,0.511235,7.39303e-05,-2.86682e-06,2.80417e-05,7.39303e-05,0.000292235,9.98311e-08,-6.13542e-05,-2.86682e-06,9.98311e-08,0.000296901
4706,70.3691,27.7479,1.99968,0.0133977,0.392602,-0.613327,-0.0206362,0.00127456,0.521286,-0.00265626,-6.81739e-06,-6.41776e-05,-0.00265626,0.510976,7.35163e-05,-2.15562e-06,-6.81739e-06,7.35163e-05,0.00033069,-5.60162e-08,-6.41776e-05,-2.15562e-06,-5.60162e-08,0.000337804
4780,71.0222,30.0022,2.00167,-0.00265664,1.03518,0.176138,-0.0029975,-0.0235178,0.522315,-0.00253669,-2.02054e-06,-0.000236054,-0.00253669,0.510845,0.000217106,-4.20472e-07,-2.02054e-06,0.000217106,0.000559851,-1.2579e-07,-0.000236054,-4.20472e-07,-1.2579e-07,0.000575633
4833,70.3824,30.5526,2.02203,-0.0055936,0.336453,-0.332244,0.0208745,-0.00923815,0.522434,-0.00238499,1.88504e-05,-0.000163904,-0.00238499,0.510606,0.000153415,-6.33464e-07,1.88504e-05,0.000153415,0.000459171,-1.32584e-08,-0.000163904,-6.33464e-07,-1.32584e-08,0.000470372
4877,68.5071,30.5832,2.01658,0.00376623,-1.57839,-1.18726,-0.001364,0.00636208,0.522246,-0.00224536,1.23939e-05,-0.000108315,-0.00224536,0.510382,0.00011669,-1.63786e-06,1.23939e-05,0.00011669,0.00040695,3.17313e-08,-0.000108315,-1.63786e-06,3.17313e-08,0.000416532
4899,69.913,32.9918,2.00965,0.00208925,-0.109665,0.795509,-0.00704071,-0.000986306,0.521996,-0.00213377,-5.10755e-06,-5.57403e-05,-0.00213377,0.510147,5.73417e-05,-9.34388e-07,-5.10755e-06,5.73417e-05,0.000288428,-1.57216e-08,-5.57403e-05,-9.34388e-07,-1.57216e-08,0.000293473
4980,70.703,33.7119,1.99402,-0.0125199,0.642004,-0.12601,-0.0174059,-0.018506,0.523238,-0.00204064,3.65469e-06,-0.00025675,-0.00204064,0.51009,0.000244881,-4.05613e-07,3.65469e-06,0.000244881,0.000593419,-4.09995e-08,-0.00025675,-4.05613e-07,-4.09995e-08,0.000610728
5037,70.6655,34.4461,2.0018,0.014017,0.582424,-0.518739,0.00647345,0.0201678,0.523424,-0.00192747,1.13949e-05,-0.000193133,-0.00192747,0.50989,0.000172575,-1.73089e-07,1.13949e-05,0.000172575,0.0004817,3.51582e-08,-0.000193133,-1.73089e-07,3.51582e-08,0.000493646
5133,69.5659,35.9989,2.00616,-0.00902575,-0.509733,-0.875298,0.0121312,-0.0282156,0.525153,-0.00185089,-1.42041e-05,-0.000370318,-0.00185089,0.509928,0.000358353,-9.41046e-07,-1.42041e-05,0.000358353,0.000691845,-1.19741e-07,-0.000370318,-9.41046e-07,-1.19741e-07,0.000711898
5162,69.3971,38.2739,2.00078,-0.00516799,-0.694741,0.828363,0.000860639,-0.00187118,0.524063,-0.00171376,1.89009e-05,-9.2149e-05,-0.00171376,0.50959,9.67382e-05,-8.80578e-07,1.89009e-05,9.67382e-05,0.000335327,4.3798e-08,-9.2149e-05,-8.80578e-07,4.3798e-08,0.000341547
5194,70.4411,39.7895,1.99493,-0.00237095,0.37958,1.68612,-0.00317247,0.000602884,0.524026,-0.00162413,4.23816e-06,-7.59488e-05,-0.00162413,0.509408,7.68286e-05,-9.22017e-07,4.23816e-06,7.68286e-05,0.000335199,1.42066e-08,-7.59488e-05,-9.22017e-07,1.42066e-08,0.000342176
5262,69.9813,38.6817,1.99975,0.0120029,-0.0599821,-0.807065,0.00867953,0.0106287,0.523907,-0.00152141,-3.99824e-06,-0.000204499,-0.00152141,0.509329,0.000191187,-1.47654e-06,-3.99824e-06,0.000191187,0.000527432,9.17943e-09,-0.000204499,-1.47654e-06,9.17943e-09,0.000541725
5284,70.7337,39.2356,2.00824,0.00288638,0.698648,-0.681102,0.0117216,-0.00941639,0.523457,-0.00143015,-8.00076e-06,-6.19076e-05,-0.00143015,0.509109,6.57543e-05,-8.7964e-07,-8.00076e-06,6.57543e-05,0.000294152,-3.59074e-08,-6.19076e-05,-8.7964e-07,-3.59074e-08,0.000299057
5359,69.8662,42.9207,1.99315,-0.0185083,-0.0695495,1.5192,-0.00941766,-0.0306741,0.523649,-0.00124843,-3.181e-05,-0.000221,-0.00124843,0.509069,0.000216466,-3.34716e-05,-3.181e-05,0.000216466,0.000561181,1.12772e-06,-0.000221,-3.34716e-05,1.12772e-06,0.000576788
5416,69.0572,41.082,2.00599,-0.00112848,-0.683869,-1.45784,0.0160832,0.00895721,0.52372,-0.000986131,-2.35157e-05,-0.000178588,-0.000986131,0.508929,0.000164852,-4.48565e-05,-2.35157e-05,0.000164852,0.000480669,7.76038e-07,-0.000178588,-4.48565e-05,7.76038e-07,0.000492388
5454,70.6317,40.9124,1.99237,0.00565893,1.1462,-2.33515,-0.00971602,0.00665239,0.523742,-0.0007458,-3.6137e-05,-8.98594e-05,-0.0007458,0.50877,9.62337e-05,-3.39737e-05,-3.6137e-05,9.62337e-05,0.000376087,3.52976e-07,-8.98594e-05,-3.39737e-05,3.52976e-07,0.000384235
5537,68.5605,46.6805,1.99444,-0.00644928,-0.263453,1.9742,0.00441811,-0.0171693,0.524607,-0.000127108,-0.00013857,-0.000247344,-0.000127108,0.508853,0.000235707,-0.00013181,-0.00013857,0.000235707,0.000613098,1.42457e-06,-0.000247344,-0.00013181,1.42457e-06,0.000630117
5571,68.1138,46.7548,2.01468,0.00376481,-0.356552,1.42735,0.0237475,0.00710986,0.523679,0.000138126,-4.51239e-05,-8.73369e-05,0.000138126,0.50868,8.66035e-05,-5.5269e-05,-4.51239e-05,8.66035e-05,0.00035964,3.15203e-07,-8.73369e-05,-5.5269e-05,3.15203e-07,0.000366806
5619,67.5853,46.359,1.99773,0.00368548,-0.300141,0.221514,-0.00895701,-0.00147956,0.523246,0.000545121,-7.62909e-05,-8.89711e-05,0.000545121,0.508668,9.56816e-05,-7.49027e-05,-7.62909e-05,9.56816e-05,0.00042185,5.10067e-07,-8.89711e-05,-7.49027e-05,5.10067e-07,0.000432085
5693,65.8357,47.2864,2.01005,0.00746198,-1.04958,0.0588079,0.0112382,0.0012104,0.523391,0.00129968,-0.000166175,-0.00017119,0.00129968,0.508904,0.00015744,-0.000170629,-0.000166175,0.00015744,0.000566696,1.15429e-06,-0.00017119,-0.000170629,1.15429e-06,0.000582002
5751,67.0592,47.7579,2.0134,-0.00349508,1.11257,-0.213715,0.00861626,-0.0124654,0.522903,0.00186107,-0.00014204,-0.000107411,0.00186107,0.509058,0.000104732,-0.000142197,-0.00014204,0.000104732,0.00048614,7.03806e-07,-0.000107411,-0.000142197,7.03806e-07,0.000498266
5786,65.1682,48.6716,1.99662,0.00826296,-0.247405,0.294734,-0.0113662,0.00989241,0.522432,0.00224377,-6.99619e-05,-4.90239e-05,0.00224377,0.509127,5.45971e-05,-7.92993e-05,-6.99619e-05,5.45971e-05,0.000360508,3.24379e-07,-4.90239e-05,-7.92993e-05,3.24379e-07,0.000368078
5851,63.6114,47.6405,1.99051,-0.00350122,-0.635823,-1.3502,-0.00665719,-0.00973569,0.521943,0.00288266,-0.000171663,-9.00789e-05,0.00288266,0.50957,7.56321e-05,-0.000172283,-0.000171663,7.56321e-05,0.000513318,8.89722e-07,-9.00789e-05,-0.000172283,8.89722e-07,0.00052687
5878,63.1475,50.3434,1.99556,-0.00114444,-0.550159,1.13966,0.00549482,0.000490211,0.519193,0.00268856,-6.37867e-05,-3.21106e-05,0.00268856,0.509158,2.89475e-05,-7.09193e-05,-6.37867e-05,2.89475e-05,0.000319642,2.07191e-07,-3.21106e-05,-7.09193e-05,2.07191e-07,0.000325482
5977,61.6812,49.2486,2.00164,0.00183143,-0.121216,-0.524899,0.0123624,0.000251358,0.518703,0.00343927,-0.000344263,-7.6795e-05,0.00343927,0.510265,6.58306e-05,-0.000356449,-0.000344263,6.58306e-05,0.000696965,2.05199e-06,-7.6795e-05,-0.000356449,2.05199e-06,0.000717011
6058,59.7484,49.4049,2.00685,0.000118518,-0.459489,-0.540726,0.0123249,-0.0066325,0.517696,0.00374378,-0.000290467,-1.38283e-05,0.00374378,0.511026,1.10117e-05,-0.000300798,-0.000290467,1.10117e-05,0.000615136,1.35445e-06,-1.38283e-05,-0.000300798,1.35445e-06,0.000631585
6142,58.2514,50.3932,2.00605,-0.0042397,-0.276604,0.433662,0.00616445,-0.0112881,0.516953,0.00411612,-0.000299054,-3.11769e-06,0.00411612,0.512146,8.61222e-06,-0.000310576,-0.000299054,8.61222e-06,0.000629619,3.13827e-08,-3.11769e-06,-0.000310576,3.13827e-08,0.000647148
6189,58.4703,50.28,1.99832,0.000826863,0.8884,0.298955,-0.00509146,0.00316879,0.516129,0.00408888,-0.000138571,-6.93695e-07,0.00408888,0.512442,8.13146e-06,-0.000146877,-0.000138571,8.13146e-06,0.000428976,2.07384e-08,-6.93695e-07,-0.000146877,2.07384e-08,0.000438907
6225,58.0831,51.0017,2.00504,-0.011838,1.20733,1.02906,0.00657633,-0.0108928,0.515441,0.0039593,-9.43099e-05,-3.30051e-06,0.0039593,0.512573,-1.87933e-07,-0.000100232,-9.43099e-05,-1.87933e-07,0.000362928,-2.51821e-09,-3.30051e-06,-0.000100232,-2.51821e-09,0.000370672
6299,54.8339,50.4153,1.99506,-0.0116626,-0.614255,0.379203,-0.00373577,-0.00417129,0.514832,0.00391468,-0.000217653,-3.51806e-06,0.00391468,0.513348,9.6194e-06,-0.000233343,-0.000217653,9.6194e-06,0.00056251,5.76481e-08,-3.51806e-06,-0.000233343,5.76481e-08,0.000578097
6348,55.4673,49.9537,1.991,0.00796658,1.0092,-0.0987004,-0.000827995,0.0181005,0.514379,0.00402437,-0.000139268,-2.23201e-06,0.00402437,0.514012,4.8338e-06,-0.000149404,-0.000139268,4.8338e-06,0.000437682,5.36543e-08,-2.23201e-06,-0.000149404,5.36543e-08,0.000447966
6435,52.4829,49.5347,1.97215,0.0107152,-0.279158,-0.533491,-0.014048,0.000754209,0.51405,0.0041638,-0.000302207,-3.32734e-06,0.0041638,0.515487,-2.84578e-06,-0.000314232,-0.000302207,-2.84578e-06,0.000639179,-5.03159e-08,-3.32734e-06,-0.000314232,-5.03159e-08,0.00065721
6496,52.4106,49.5227,2.00669,-4.04583e-05,0.847219,-0.554852,0.032187,-0.0126969,0.51355,0.0040921,-0.000194537,-4.9504e-06,0.0040921,0.516116,3.12104e-06,-0.000212722,-0.000194537,3.12104e-06,0.000504438,-7.17632e-08,-4.9504e-06,-0.000212722,-7.17632e-08,0.0005169
6569,50.094,49.0423,1.99367,-0.0048952,-0.0172206,-1.04255,-0.00447133,-0.00833528,0.513193,0.00405942,-0.000234247,3.52318e-06,0.00405942,0.517142,9.50556e-06,-0.000235336,-0.000234247,9.50556e-06,0.000565291,-1.49311e-08,3.52318e-06,-0.000235336,-1.49311e-08,0.000580557
6631,48.8621,49.08,1.97966,-0.00955371,-0.00764892,-0.989657,-0.0148656,-0.00615967,0.512805,0.00396125,-0.000191278,-1.22491e-06,0.00396125,0.51781,6.36055e-06,-0.000205946,-0.000191278,6.36055e-06,0.000507684,1.85143e-08,-1.22491e-06,-0.000205946,1.85143e-08,0.000520594
6667,47.9856,50.4769,1.99049,-0.00340861,-0.168278,0.431759,0.00706893,0.00544038,0.512435,0.00389024,-9.85295e-05,-2.27176e-06,0.00389024,0.518155,3.24304e-06,-0.000114526,-9.85295e-05,3.24304e-06,0.00036666,3.21014e-08,-2.27176e-06,-0.000114526,3.21014e-08,0.000374253
6722,47.1365,50.4876,1.96803,0.00903563,0.0904614,0.46358,-0.0211044,0.0127403,0.512124,0.00374449,-0.000146538,6.27009e-07,0.00374449,0.518598,-5.88307e-06,-0.000155819,-0.000146538,-5.88307e-06,0.000459824,2.67033e-08,6.27009e-07,-0.000155819,2.67033e-08,0.000471356
6748,46.4022,50.1069,1.98706,0.0126664,-0.14311,0.0699278,0.0157403,0.00256523,0.511792,0.00362087,-7.00738e-05,-2.34205e-06,0.00362087,0.518633,-7.11001e-06,-8.54839e-05,-7.00738e-05,-7.11001e-06,0.000312113,-1.50663e-08,-2.34205e-06,-8.54839e-05,-1.50663e-08,0.000317698
6786,45.2457,50.4386,2.01141,0.0122234,-0.537721,0.414479,0.0296982,-0.00238328,0.511487,0.0034135,-8.50158e-05,1.49634e-06,0.0034135,0.51852,-4.43072e-06,-8.86267e-05,-8.50158e-05,-4.43072e-06,0.000364415,-5.19691e-08,1.49634e-06,-8.86267e-05,-5.19691e-08,0.00037249
6830,45.1427,50.9148,1.98441,-0.00833485,0.257785,0.882519,-0.0214818,-0.0220067,0.511235,0.00335209,-0.000103992,4.74824e-06,0.00335209,0.519135,9.47733e-07,-9.49229e-05,-0.000103992,9.47733e-07,0.00040094,-6.34103e-08,4.74824e-06,-9.49229e-05,-6.34103e-08,0.000410488
6872,43.7192,49.0293,1.99421,-0.0169502,-0.344416,-1.0378,0.00366496,-0.0149081,0.510967,0.00317179,-9.96837e-05,-6.33987e-07,0.00317179,0.519136,1.34731e-05,-0.000119454,-9.96837e-05,1.34731e-05,0.000392955,-1.28868e-09,-6.33987e-07,-0.000119454,-1.28868e-09,0.000401879
6940,42.8374,49.9931,1.99337,-0.00742703,0.14254,-0.0490922,0.00310286,0.0034656,0.510812,0.00317697,-0.0001956,1.96919e-06,0.00317697,0.520564,9.98563e-06,-0.000209794,-0.0001956,9.98563e-06,0.000532001,8.44107e-08,1.96919e-06,-0.000209794,8.44107e-08,0.000546228
7033,41.0977,51.4263,2.01213,0.0119917,0.256445,1.38739,0.0187462,0.0157967,0.510747,0.0030314,-0.000343062,2.51065e-06,0.0030314,0.521642,-1.5872e-06,-0.000362486,-0.000343062,-1.5872e-06,0.000676914,4.96685e-08,2.51065e-06,-0.000362486,4.96685e-08,0.000696203
7079,40.7676,49.7119,1.99037,0.00123142,0.847162,-0.375353,-0.0208941,-0.012254,0.510418,0.00294749,-0.000144991,3.33667e-06,0.00294749,0.522117,-7.15749e-06,-0.000138397,-0.000144991,-7.15749e-06,0.000424775,-6.59691e-08,3.33667e-06,-0.000138397,-6.59691e-08,0.000434556
7139,38.967,50.6005,2.00665,-0.00314827,0.226237,0.555661,0.00961652,-0.0100333,0.510236,0.00279938,-0.000172979,1.23643e-06,0.00279938,0.522547,5.75264e-07,-0.000194698,-0.000172979,5.75264e-07,0.000490649,-2.50642e-08,1.23643e-06,-0.000194698,-2.50642e-08,0.000503261
7188,38.097,49.514,2.00833,-0.011068,0.343161,-0.527686,0.00284046,-0.0115663,0.509521,0.00226839,-0.000132756,3.24319e-06,0.00226839,0.520303,4.93356e-06,-0.000135457,-0.000132756,4.93356e-06,0.000434914,8.2572e-09,3.24319e-06,-0.000135457,8.2572e-09,0.000445351
7219,36.544,49.9132,1.98144,0.00885912,-0.590642,-0.113929,-0.0263329,0.0157473,0.509325,0.00218217,-7.77955e-05,2.12083e-06,0.00218217,0.520408,6.37928e-06,-8.03271e-05,-7.77955e-05,6.37928e-06,0.000336971,3.03273e-08,2.12083e-06,-8.03271e-05,3.03273e-08,0.000343775
7262,36.5433,49.3887,1.99881,0.00707709,0.267808,-0.646981,0.00701165,0.00164449,0.50917,0.00206763,-0.000100769,9.08778e-07,0.00206763,0.520363,-4.10996e-06,-0.000121093,-0.000100769,-4.10996e-06,0.000393292,-1.84258e-08,9.08778e-07,-0.000121093,-1.84258e-08,0.000402465
7313,34.6299,51.8826,1.98633,-0.00680778,-0.630486,1.8284,-0.0120556,-0.0110104,0.509037,0.00196433,-0.000130249,1.79903e-06,0.00196433,0.520545,2.07686e-06,-0.000141172,-0.000130249,2.07686e-06,0.00044033,-2.72973e-08,1.79903e-06,-0.000141172,-2.72973e-08,0.00045117
7393,34.0264,49.4433,2.00064,-0.00644903,0.359094,-0.661561,0.0139145,0.000836205,0.509015,0.0018942,-0.000259687,2.09863e-06,0.0018942,0.521687,6.73508e-06,-0.000285113,-0.000259687,6.73508e-06,0.000600588,3.1999e-08,2.09863e-06,-0.000285113,3.1999e-08,0.000617166
7476,31.8834,50.6947,2.00813,-0.0110616,-0.125617,0.567274,0.00853131,-0.00271643,0.508964,0.00177165,-0.000294847,2.24491e-06,0.00177165,0.521721,3.64967e-06,-0.000310402,-0.000294847,3.64967e-06,0.000623655,5.73033e-08,2.24491e-06,-0.000310402,5.73033e-08,0.000640849
7538,30.4945,50.5037,2.00909,-0.0029062,-0.265117,0.340282,-0.00139059,0.0049987,0.508797,0.00169445,-0.000199514,1.94228e-06,0.00169445,0.522056,3.5366e-06,-0.000206321,-0.000199514,3.5366e-06,0.000509397,6.3048e-08,1.94228e-06,-0.000206321,6.3048e-08,0.00052242
7603,28.9305,50.1485,2.00472,0.0156498,-0.519443,-0.0351426,-0.00835048,0.0183019,0.508696,0.00164281,-0.00020178,1.78189e-06,0.00164281,0.523088,-1.43456e-06,-0.000210402,-0.00020178,-1.43456e-06,0.00052185,2.74626e-08,1.78189e-06,-0.000210402,2.74626e-08,0.000535617
7689,28.1326,49.6116,1.99431,-0.00697149,0.416261,-0.554804,-0.0152032,-0.0169058,0.508702,0.00155798,-0.000304567,1.62763e-06,0.00155798,0.523711,-1.17767e-05,-0.00032951,-0.000304567,-1.17767e-05,0.000637555,-6.65407e-08,1.62763e-06,-0.00032951,-6.65407e-08,0.000655619
7736,26.4124,51.0697,1.98592,0.00281219,-0.378,0.914264,-0.0118904,0.00467226,0.508489,0.0014781,-0.000143837,1.29897e-06,0.0014781,0.523995,7.81403e-06,-0.000161494,-0.000143837,7.81403e-06,0.000429148,1.40218e-08,1.29897e-06,-0.000161494,1.40218e-08,0.000439002
7790,25.6776,50.7912,2.01169,-0.00833759,-0.0385521,0.587355,0.0203946,-0.0108555,0.508381,0.00139735,-0.00015012,1.17125e-06,0.00139735,0.523996,2.12132e-06,-0.000169324,-0.00015012,2.12132e-06,0.000458608,-1.68753e-08,1.17125e-06,-0.000169324,-1.68753e-08,0.000469923
7867,22.6857,50.1405,1.9989,-0.000431333,-1.47849,-0.120409,-0.0121786,0.00377083,0.508367,0.00132614,-0.000248656,1.35804e-06,0.00132614,0.524796,1.08283e-05,-0.000250937,-0.000248656,1.08283e-05,0.00058505,3.36755e-08,1.35804e-06,-0.000250937,3.36755e-08,0.00060132
7953,23.1969,49.0531,2.00882,-0.018978,0.77361,-1.20463,0.00580194,-0.0189667,0.508368,0.00125903,-0.000310019,8.91264e-07,0.00125903,0.525258,-4.64017e-07,-0.000335999,-0.000310019,-4.64017e-07,0.000639772,7.9413e-09,8.91264e-07,-0.000335999,7.9413e-09,0.000657692
8023,20.3498,49.2748,1.99408,0.00598922,-0.676632,-0.97436,-0.00982364,0.0245529,0.50825,0.00119255,-0.000235991,1.14215e-06,0.00119255,0.525616,1.18466e-05,-0.000247145,-0.000235991,1.18466e-05,0.000553318,1.20714e-07,1.14215e-06,-0.000247145,1.20714e-07,0.000567947
8052,21.7482,50.2433,2.01242,0.00491152,1.30992,0.0640983,0.0149571,0.00270408,0.508052,0.0011259,-8.73811e-05,9.12292e-07,0.0011259,0.524613,-1.63852e-05,-9.87032e-05,-8.73811e-05,-1.63852e-05,0.000331565,-5.85109e-09,9.12292e-07,-9.87032e-05,-5.85109e-09,0.00033778
8143,18.2045,49.5335,1.99255,-0.0139358,-0.423192,-0.589105,-0.0163575,-0.0153757,0.508135,0.00106551,-0.000308924,3.24848e-06,0.00106551,0.525822,-1.46231e-05,-0.000322167,-0.000308924,-1.46231e-05,0.000653324,2.00753e-09,3.24848e-06,-0.000322167,2.00753e-09,0.000672468
8213,17.5546,50.5491,2.00284,0.00428023,0.325348,0.444785,0.00361342,0.0155974,0.508028,0.000994954,-0.00023511,2.86518e-06,0.000994954,0.526786,5.96232e-06,-0.000255195,-0.00023511,5.96232e-06,0.000553662,8.05189e-08,2.86518e-06,-0.000255195,8.05189e-08,0.000568222
8252,15.8962,50.7562,1.98586,-0.00217037,-0.556323,0.621866,-0.0183045,-0.00482646,0.507857,0.000933727,-0.000112948,1.48968e-06,0.000933727,0.525988,-5.9699e-06,-0.000117896,-0.000112948,-5.9699e-06,0.000384178,-1.3227e-08,1.48968e-06,-0.000117896,-1.3227e-08,0.000392497
8337,13.7376,50.3879,2.00337,0.0138361,-1.01918,0.215862,0.00982992,0.0171632,0.507911,0.000870523,-0.000282844,2.31196e-06,0.000870523,0.526951,3.24415e-06,-0.000310054,-0.000282844,3.24415e-06,0.000624545,1.60263e-08,2.31196e-06,-0.000310054,1.60263e-08,0.00064226
8390,13.2933,50.9152,2.01956,0.0102424,-0.381594,0.72578,0.0112921,0.00173141,0.507759,0.000816428,-0.00016235,1.18098e-06,0.000816428,0.526589,-7.64596e-06,-0.000164972,-0.00016235,-7.64596e-06,0.000460908,-6.52483e-08,1.18098e-06,-0.000164972,-6.52483e-08,0.000472072
8461,11.3693,48.9739,1.99299,0.00728862,-0.861355,-1.26428,-0.033197,-5.96133e-05,0.507734,0.000758727,-0.000222729,8.55561e-07,0.000758727,0.526973,1.50487e-06,-0.000227457,-0.000222729,1.50487e-06,0.000552296,-5.88953e-08,8.55561e-07,-0.000227457,-5.88953e-08,0.000567479
8536,10.8848,50.4319,1.99762,-0.01555,0.15623,0.261308,-0.00643032,-0.02157,0.507707,0.000706652,-0.000249616,1.48973e-06,0.000706652,0.527471,-2.61167e-06,-0.00028615,-0.000249616,-2.61167e-06,0.000578024,-4.7402e-08,1.48973e-06,-0.00028615,-4.7402e-08,0.000593741
8570,10.3267,49.6403,1.99889,0.00749897,0.27231,-0.525139,-0.00118152,0.020666,0.50753,0.000659642,-0.000100359,1.11654e-06,0.000659642,0.526419,9.79081e-06,-0.000114973,-0.000100359,9.79081e-06,0.000358591,3.94094e-08,1.11654e-06,-0.000114973,3.94094e-08,0.000365848
8650,9.86875,50.0302,2.01262,-0.00814572,1.42776,-0.117827,0.00535339,-0.0102527,0.507299,0.000526923,-0.000251235,1.52629e-06,0.000526923,0.524068,-4.58248e-06,-0.000263528,-0.000251235,-4.58248e-06,0.000594931,-2.42658e-08,1.52629e-06,-0.000263528,-2.42658e-08,0.000611731
8679,7.40824,49.4605,2.00784,0.000740487,-0.467479,-0.690618,-0.00326202,0.00874624,0.507126,0.000490131,-8.72678e-05,6.73354e-07,0.000490131,0.523697,4.94041e-06,-8.6729e-05,-8.72678e-05,4.94041e-06,0.000332843,2.68419e-08,6.73354e-07,-8.6729e-05,2.68419e-08,0.000339179
8701,7.37873,49.4555,1.99707,0.00263889,-0.0485623,-0.667647,-0.0124637,0.00614645,0.507019,0.000466197,-5.31839e-05,5.99716e-07,0.000466197,0.522764,-3.30172e-06,-5.71305e-05,-5.31839e-05,-3.30172e-06,0.000282793,5.00985e-09,5.99716e-07,-5.71305e-05,5.00985e-09,0.000287792
8764,4.3353,50.0616,2.01345,0.00156878,-1.83125,-0.0315196,0.00903915,0.00258202,0.507004,0.000430726,-0.000162067,1.25654e-06,0.000430726,0.523566,-5.16866e-06,-0.000176079,-0.000162067,-5.16866e-06,0.000494292,4.8306e-09,1.25654e-06,-0.000176079,4.8306e-09,0.000507699
8840,5.30278,50.7103,1.99414,0.0141546,0.694279,0.637857,-0.0213704,0.0170952,0.507026,0.000398384,-0.00024522,1.74481e-06,0.000398384,0.524291,-4.62637e-06,-0.000252536,-0.00024522,-4.62637e-06,0.000581244,1.21526e-08,1.74481e-06,-0.000252536,1.21526e-08,0.00059738
8929,2.08792,49.7487,1.98843,-0.0165072,-0.759653,-0.303377,-0.0159215,-0.0250712,0.507091,0.000363855,-0.000326216,2.80287e-06,0.000363855,0.52545,-1.44703e-05,-0.000354967,-0.000326216,-1.44703e-05,0.00065631,-4.86305e-08,2.80287e-06,-0.000354967,-4.86305e-08,0.000674874
8949,3.26209,50.2919,2.01619,-0.0159493,0.815781,0.235242,0.0255204,-0.00270402,0.506858,0.000337683,-7.63263e-05,9.80141e-07,0.000337683,0.524126,1.30534e-05,-9.07765e-05,-7.63263e-05,1.30534e-05,0.000287536,2.52287e-08,9.80141e-07,-9.07765e-05,2.52287e-08,0.000291888
8980,2.325,49.3307,1.99549,-0.00295292,0.497259,-0.758493,-0.0157853,0.0102624,0.506773,0.000321531,-7.06511e-05,6.62631e-07,0.000321531,0.523396,7.99382e-06,-6.81372e-05,-7.06511e-05,7.99382e-06,0.000324806,5.16726e-08,6.62631e-07,-6.81372e-05,5.16726e-08,0.000331613
9060,-0.0492831,48.12,2.00606,0.005283,-0.285009,-1.95091,0.0026475,0.0125116,0.506834,0.000297768,-0.000244958,1.81459e-06,0.000297768,0.524247,-2.22707e-06,-0.000264797,-0.000244958,-2.22707e-06,0.00059183,5.35386e-08,1.81459e-06,-0.000264797,5.35386e-08,0.000608728
9142,-1.80329,50.4145,2.01202,-0.00370624,-0.394509,0.585974,0.00571262,0.000744523,0.506864,0.000196998,-0.000283752,4.39803e-05,0.000196998,0.525075,-5.94295e-05,-0.000296184,-0.000283752,-5.94295e-05,0.000617952,1.40452e-06,4.39803e-05,-0.000296184,1.40452e-06,0.000634793
9201,-2.01579,50.1349,2.00653,-0.0105027,0.560583,0.541909,-0.00436299,-0.0020405,0.50677,-6.97867e-06,-0.000179694,5.00379e-05,-6.97867e-06,0.525022,-5.2355e-05,-0.000185839,-0.000179694,-5.2355e-05,0.000493002,8.18503e-07,5.00379e-05,-0.000185839,8.18503e-07,0.000505304
9222,-2.50986,49.6832,1.99281,0.0144094,0.462032,0.182356,-0.0145768,0.0247861,0.50664,-0.00010615,-6.21368e-05,2.00836e-05,-0.00010615,0.524364,-1.75378e-05,-6.62858e-05,-6.21368e-05,-1.75378e-05,0.000287561,1.59938e-07,2.00836e-05,-6.62858e-05,1.59938e-07,0.000292262
9276,-4.08563,48.73,2.00004,0.00995358,-0.117831,-0.395448,0.00064736,0.00461578,0.506641,-0.00038536,-0.000120543,5.52341e-05,-0.00038536,0.524223,-6.32646e-05,-0.000138287,-0.000120543,-6.32646e-05,0.00044652,6.29092e-07,5.52341e-05,-0.000138287,6.29092e-07,0.000457856
9335,-4.87725,49.0779,1.99661,0.0112003,0.135799,0.520716,-0.00564277,0.000664322,0.506688,-0.00082943,-0.000141911,8.57562e-05,-0.00082943,0.524661,-8.9287e-05,-0.000151719,-0.000141911,-8.9287e-05,0.000486467,7.31066e-07,8.57562e-05,-0.000151719,7.31066e-07,0.000498817
9410,-7.04342,48.1367,1.99734,0.00422111,-0.809387,0.4111,-0.00521596,-0.008361,0.506889,-0.00147708,-0.000187447,0.000155576,-0.00147708,0.524881,-0.000150741,-0.000204031,-0.000187447,-0.000150741,0.000575404,1.12343e-06,0.000155576,-0.000204031,1.12343e-06,0.000590882
9485,-7.85858,46.7776,2.01906,-0.0167355,-0.528957,0.0566399,0.0223504,-0.0228559,0.507175,-0.00220706,-0.000171582,0.000191382,-0.00220706,0.524831,-0.00017843,-0.000189553,-0.000171582,-0.00017843,0.000578793,1.15108e-06,0.000191382,-0.000189553,1.15108e-06,0.000594151
9517,-8.14656,46.0399,1.99871,0.0102227,-0.375188,-0.197254,-0.0160014,0.0245385,0.507186,-0.00250197,-6.47736e-05,7.26416e-05,-0.00250197,0.524183,-5.67657e-05,-5.28427e-05,-6.47736e-05,-5.67657e-05,0.000348113,3.39686e-07,7.26416e-05,-5.28427e-05,3.39686e-07,0.000355031
9552,-8.6351,44.6697,1.98871,0.000115695,-0.456388,-0.978462,-0.0176499,-0.00451329,0.507278,-0.00268864,-4.43485e-05,7.2662e-05,-0.00268864,0.523174,-7.69309e-05,-5.92229e-05,-4.43485e-05,-7.69309e-05,0.000352033,2.88136e-07,7.2662e-05,-5.92229e-05,2.88136e-07,0.000359602
9616,-7.86768,44.5311,2.00446,0.0116864,0.967758,-0.000429726,0.00850394,0.00901355,0.507729,-0.00326561,-8.02663e-05,0.000166387,-0.00326561,0.522645,-0.000156145,-0.000102564,-8.02663e-05,-0.000156145,0.000507126,8.892e-07,0.000166387,-0.000102564,8.892e-07,0.000520466
9672,-9.71141,44.0027,1.99526,0.00446128,-0.432537,0.48645,-0.00840918,-0.00104569,0.508127,-0.00366678,-5.66115e-05,0.000155373,-0.00366678,0.521846,-0.000151314,-6.58052e-05,-5.66115e-05,-0.000151314,0.000473128,6.6142e-07,0.000155373,-6.58052e-05,6.6142e-07,0.000484824
9769,-9.82975,42.798,2.00235,0.0183222,-0.0218503,1.10149,-0.000779161,0.0145826,0.509408,-0.0045567,-6.49892e-05,0.000371196,-0.0045567,0.521399,-0.00035139,-8.21026e-05,-6.49892e-05,-0.00035139,0.000696722,1.92485e-06,0.000371196,-8.21026e-05,1.92485e-06,0.000716464
9850,-8.9843,39.003,1.98292,-0.000903939,0.991302,-1.15801,-0.0204553,-0.0129651,0.51043,-0.00502161,-5.54875e-06,0.000307598,-0.00502161,0.520386,-0.000294077,-1.76464e-05,-5.54875e-06,-0.000294077,0.000615006,1.28084e-06,0.000307598,-1.76464e-05,1.28084e-06,0.000631552
9910,-9.93207,38.5915,1.99536,0.00524109,0.0270492,-0.342563,0.00990108,0.00552662,0.511069,-0.00510099,-6.64138e-06,0.000209634,-0.00510099,0.519265,-0.000185516,-1.63141e-05,-6.64138e-06,-0.000185516,0.00049829,2.34153e-08,0.000209634,-1.63141e-05,2.34153e-08,0.000510654
9979,-9.1385,36.9625,2.00587,-0.0113779,0.811752,-0.578516,0.011507,-0.0120843,0.511725,-0.00497961,-7.25863e-07,0.000228648,-0.00497961,0.518174,-0.000217391,-5.61512e-06,-7.25863e-07,-0.000217391,0.000543134,-1.52904e-08,0.000228648,-5.61512e-06,-1.52904e-08,0.00055746
10036,-9.48196,36.4437,2.01503,0.00623315,0.499859,0.0632832,0.0130723,0.0183466,0.511847,-0.00450387,-8.60269e-06,0.000171408,-0.00450387,0.516024,-0.000161472,1.56837e-06,-8.60269e-06,-0.000161472,0.000479896,6.8149e-08,0.000171408,1.56837e-06,6.8149e-08,0.000491888
10114,-10.6489,34.7782,2.01887,-0.00357068,-0.701323,-0.015376,0.00291079,-0.00514805,0.513087,-0.00462428,7.14923e-06,0.000263142,-0.00462428,0.515507,-0.000260215,1.58861e-06,7.14923e-06,-0.000260215,0.000591598,-1.70741e-08,0.000263142,1.58861e-06,-1.70741e-08,0.000608115
10182,-10.1496,32.5421,1.98594,-0.0029719,-0.182271,-0.88372,-0.0311158,0.00285922,0.514038,-0.00461448,-3.81072e-06,0.000231832,-0.00461448,0.514943,-0.000218273,-8.92819e-07,-3.81072e-06,-0.000218273,0.000541069,2.39364e-08,0.000231832,-8.92819e-07,2.39364e-08,0.000555492
10251,-9.19175,31.7404,1.99559,0.0220931,0.744498,-0.288141,0.0055036,0.0289054,0.514639,-0.00441152,3.40654e-06,0.000253501,-0.00441152,0.514386,-0.000222009,-8.05881e-06,3.40654e-06,-0.000222009,0.000544836,5.40267e-08,0.000253501,-8.05881e-06,5.40267e-08,0.000559169
10347,-10.7992,29.7792,1.99915,-0.00298072,-0.960017,-0.303099,0.0010203,-0.0149178,0.515629,-0.00418732,2.0302e-05,0.000392717,-0.00418732,0.514008,-0.000369896,-2.53428e-07,2.0302e-05,-0.000369896,0.000694172,-8.68996e-08,0.000392717,-2.53428e-07,-8.68996e-08,0.000713972
10404,-9.9977,28.9775,2.00367,-0.000958245,-0.122535,0.0317653,0.00470255,-0.00419791,0.516062,-0.00403707,-8.28076e-06,0.000196948,-0.00403707,0.51348,-0.000181881,1.82514e-06,-8.28076e-06,-0.000181881,0.000484104,-5.49605e-09,0.000196948,1.82514e-06,-5.49605e-09,0.000495949
10462,-11.703,27.878,1.99472,0.00579312,-1.83749,0.0961716,-0.00727966,0.0109325,0.516625,-0.00390161,-3.59786e-06,0.000180907,-0.00390161,0.513099,-0.000169314,2.966e-06,-3.59786e-06,-0.000169314,0.000482903,1.27728e-08,0.000180907,2.966e-06,1.27728e-08,0.000495109
10533,-9.65251,26.5566,2.00759,0.00159802,0.248037,0.176498,0.0114683,0.000512979,0.517572,-0.00380078,2.44391e-06,0.000243888,-0.00380078,0.512803,-0.000223099,1.78682e-06,2.44391e-06,-0.000223099,0.000553368,-1.07037e-08,0.000243888,1.78682e-06,-1.07037e-08,0.000568155
10612,-10.6107,25.4886,2.00181,-0.00401584,-0.699623,0.690578,-0.00693856,-0.00275833,0.518731,-0.00370279,-2.65162e-06,0.000282332,-0.00370279,0.512546,-0.000267984,4.27888e-06,-2.65162e-06,-0.000267984,0.000600048,-6.43909e-10,0.000282332,4.27888e-06,-6.43909e-10,0.000616601
10677,-9.31841,24.3612,2.00206,0.00747445,0.621104,0.840314,0.000342608,0.00976653,0.51992,-0.0036513,-4.74548e-06,0.000225089,-0.0036513,0.512238,-0.000207586,2.68068e-06,-4.74548e-06,-0.000207586,0.000524994,1.72252e-08,0.000225089,2.68068e-06,1.72252e-08,0.000538593
10699,-11.2642,22.9387,2.0162,0.00842338,-1.30945,-0.163756,0.0133717,0.00226304,0.519187,-0.00339709,6.05424e-07,7.49751e-05,-0.00339709,0.511851,-6.87698e-05,1.19978e-06,6.05424e-07,-6.87698e-05,0.000294025,-1.63205e-08,7.49751e-05,1.19978e-06,-1.63205e-08,0.000298912
10777,-10.4763,23.608,1.99369,-0.00817954,-0.442923,2.06819,-0.0208524,-0.0175669,0.520329,-0.00327917,-7.33824e-06,0.000247124,-0.00327917,0.511684,-0.000232482,2.6429e-06,-7.33824e-06,-0.000232482,0.000577362,-7.5912e-08,0.000247124,2.6429e-06,-7.5912e-08,0.000593898
10828,-10.3607,20.4064,1.99598,0.00516411,-0.271608,-0.174211,0.000549931,0.01192,0.520472,-0.00311006,-1.57572e-05,0.000174829,-0.00311006,0.511383,-0.000147159,-1.78433e-07,-1.57572e-05,-0.000147159,0.000448837,8.1946e-09,0.000174829,-1.78433e-07,8.1946e-09,0.000459524
10862,-11.3677,19.4354,1.99276,0.00913526,-1.26392,-0.464812,-0.00408614,0.00878177,0.520088,-0.00292723,1.17786e-06,0.000100278,-0.00292723,0.511097,-8.83732e-05,8.10973e-07,1.17786e-06,-8.83732e-05,0.000353446,-7.08161e-09,0.000100278,8.10973e-07,-7.08161e-09,0.000360752
10902,-10.2144,20.1433,1.99762,-0.0116102,-0.0630472,1.04245,0.00453887,-0.0166681,0.520438,-0.00281617,1.56716e-06,0.000104812,-0.00281617,0.510862,-9.39306e-05,1.07619e-06,1.56716e-06,-9.39306e-05,0.000378848,-2.05862e-08,0.000104812,1.07619e-06,-2.05862e-08,0.000387406
10983,-11.4427,17.5233,1.99613,-0.00976149,-1.27583,0.0202734,-0.00275206,-0.000566427,0.521607,-0.00271325,-9.12179e-06,0.000274864,-0.00271325,0.51077,-0.000255663,1.87217e-06,-9.12179e-06,-0.000255663,0.000602098,6.50379e-08,0.000274864,1.87217e-06,6.50379e-08,0.000619041
11055,-9.9914,17.5327,2.00451,-0.00206412,0.250461,1.45863,0.00882436,0.0115686,0.522358,-0.00260339,-6.90244e-06,0.000256852,-0.00260339,0.510591,-0.000237829,1.22064e-06,-6.90244e-06,-0.000237829,0.000563204,9.20073e-08,0.000256852,1.22064e-06,9.20073e-08,0.00057815
11153,-10.5349,13.7493,1.99973,0.00878354,-0.275381,-0.385034,-0.00700983,0.0159945,0.52345,-0.00248669,2.97635e-06,0.000401553,-0.00248669,0.510585,-0.000379142,1.24208e-06,2.97635e-06,-0.000379142,0.000705959,7.294e-08,0.000401553,1.24208e-06,7.294e-08,0.000726393
11248,-9.3705,12.5577,2.0064,-0.0170187,0.881415,0.327716,0.00565607,-0.0219818,0.524275,-0.00235916,9.66659e-06,0.000403379,-0.00235916,0.510486,-0.000376263,1.22529e-06,9.66659e-06,-0.000376263,0.000693057,-2.02925e-08,0.000403379,1.22529e-06,-2.02925e-08,0.000712735
11319,-10.1789,11.2639,2.00926,-0.00343757,0.0477854,0.458505,0.00520354,0.00984063,0.524705,-0.00222779,-1.05537e-05,0.000258968,-0.00222779,0.510244,-0.000246409,2.39699e-06,-1.05537e-05,-0.000246409,0.000560038,9.53615e-08,0.000258968,2.39699e-06,9.53615e-08,0.000574833
11414,-10.1853,7.08758,2.00027,0.00243593,-0.0790884,-1.81696,-0.00549563,0.00905184,0.525489,-0.00205699,5.33929e-05,0.000378025,-0.00205699,0.510227,-0.000359545,4.52867e-05,5.33929e-05,-0.000359545,0.000689159,1.66515e-06,0.000378025,4.52867e-05,1.66515e-06,0.00070869
11477,-9.47296,6.88299,2.00417,-0.000418461,0.405329,-0.749719,0.00176905,-0.000106531,0.525516,-0.00175568,5.68438e-05,0.000218094,-0.00175568,0.509967,-0.000203215,5.23157e-05,5.68438e-05,-0.000203215,0.000516405,8.6665e-07,0.000218094,5.23157e-05,8.6665e-07,0.000529359
11548,-9.44289,7.60039,1.99778,-0.013618,-0.0563062,1.33624,-0.006809,-0.0100337,0.525826,-0.0013015,9.11563e-05,0.000225997,-0.0013015,0.509851,-0.000212138,8.88347e-05,9.11563e-05,-0.000212138,0.000554775,1.11655e-06,0.000225997,8.88347e-05,1.11655e-06,0.000569421
11642,-7.94776,5.75768,1.99526,-0.0354913,0.611987,1.13685,-0.00117879,-0.0192896,0.526147,-0.000554812,0.000185263,0.000329598,-0.000554812,0.509933,-0.000297061,0.000196268,0.000185263,-0.000297061,0.000683311,1.9661e-06,0.000329598,0.000196268,1.9661e-06,0.000702232
11677,-9.15817,2.91254,2.00325,0.00352267,-1.00893,-1.14606,0.00949265,0.0365363,0.525565,-0.000192357,5.43294e-05,9.84232e-05,-0.000192357,0.509676,-9.10302e-05,6.89732e-05,5.43294e-05,-9.10302e-05,0.000366594,4.20172e-07,9.84232e-05,6.89732e-05,4.20172e-07,0.000373888
11738,-6.04093,4.08294,1.99248,0.00828143,1.34021,0.970969,-0.00955068,0.0163392,0.525231,0.000405003,0.000132034,0.000129238,0.000405003,0.509713,-0.000120764,0.000121062,0.000132034,-0.000120764,0.000492086,8.72341e-07,0.000129238,0.000121062,8.72341e-07,0.000504779
11769,-6.61346,1.6034,1.98861,0.0113134,0.256975,-1.10434,-0.00544931,0.0081657,0.524613,0.000753825,7.52938e-05,6.4897e-05,0.000753825,0.509625,-5.31459e-05,6.3884e-05,7.52938e-05,-5.31459e-05,0.000339721,2.38171e-07,6.4897e-05,6.3884e-05,2.38171e-07,0.000346355
11801,-6.29626,1.91398,1.99656,-0.000163257,0.0966921,-0.35945,0.00606266,-0.0110593,0.523558,0.000996851,6.11195e-05,5.57533e-05,0.000996851,0.509576,-4.40856e-05,5.97859e-05,6.11195e-05,-4.40856e-05,0.000335557,2.23438e-07,5.57533e-05,5.97859e-05,2.23438e-07,0.000342449
11847,-5.79141,1.54869,1.99669,0.024187,-0.162023,-0.180702,0.000479415,0.0201831,0.522807,0.00139671,8.67905e-05,6.74321e-05,0.00139671,0.50966,-5.99219e-05,9.36766e-05,8.67905e-05,-5.99219e-05,0.000409087,4.746e-07,6.74321e-05,9.36766e-05,4.746e-07,0.000418833
11904,-3.95262,2.91532,1.99544,0.00919744,0.679484,1.72458,-0.00312484,-0.0124398,0.519962,0.00164095,0.000131955,7.01504e-05,0.00164095,0.509418,-6.38356e-05,0.000135128,0.000131955,-6.38356e-05,0.00047344,6.05836e-07,7.01504e-05,0.000135128,6.05836e-07,0.00048535
11933,-5.27333,1.04258,1.9743,0.00118081,-1.1958,0.0631896,-0.0222957,-0.0140187,0.519437,0.00188735,6.38931e-05,3.42782e-05,0.00188735,0.509458,-3.10124e-05,7.15147e-05,6.38931e-05,-3.10124e-05,0.00032841,1.82652e-07,3.42782e-05,7.15147e-05,1.82652e-07,0.000334688
11964,-2.5456,0.120416,1.99963,-0.00327938,1.01095,-0.629218,0.0182629,-0.00874513,0.518953,0.00214682,5.5683e-05,3.62486e-05,0.00214682,0.509569,-2.68377e-05,7.16199e-05,5.5683e-05,-2.68377e-05,0.000329287,2.07303e-07,3.62486e-05,7.16199e-05,2.07303e-07,0.00033593
12006,-4.11051,0.960761,1.99508,-0.000851537,-1.39133,0.472487,0.00195629,-0.000864166,0.518272,0.00236673,8.55844e-05,2.70554e-05,0.00236673,0.509766,-2.73938e-05,9.46934e-05,8.55844e-05,-2.73938e-05,0.000387281,4.12613e-07,2.70554e-05,9.46934e-05,4.12613e-07,0.000396229
12033,-2.24547,0.233564,1.98538,-0.00914293,0.0249409,-0.113297,-0.00841666,-0.0103176,0.517508,0.00239094,5.46079e-05,1.585e-05,0.00239094,0.509785,-1.67432e-05,6.39556e-05,5.46079e-05,-1.67432e-05,0.000313148,1.98569e-07,1.585e-05,6.39556e-05,1.98569e-07,0.00031908
12124,-0.54018,-0.118195,2.01485,-0.00227767,-0.0686108,-0.244428,0.0306139,0.00391664,0.516918,0.00285441,0.000296807,2.53186e-05,0.00285441,0.510746,-1.12651e-05,0.000319009,0.000296807,-1.12651e-05,0.000651499,1.7762e-06,2.53186e-05,0.000319009,1.7762e-06,0.000669864
12199,0.350161,0.0326073,1.99063,-0.00113043,-0.696213,-0.0882523,-0.0162424,0.00314985,0.51625,0.0031517,0.000256449,-2.35957e-06,0.0031517,0.511521,-2.93609e-08,0.000261162,0.000256449,-2.93609e-08,0.000580919,1.3324e-07,-2.35957e-06,0.000261162,1.3324e-07,0.000596611
12241,2.63303,0.0448097,2.00682,-0.00918065,0.782394,-0.0695963,0.0148606,-0.00739682,0.515539,0.00314809,0.000122756,6.96707e-06,0.00314809,0.511718,-5.25467e-07,0.000135466,0.000122756,-5.25467e-07,0.000400947,8.38319e-09,6.96707e-06,0.000135466,8.38319e-09,0.00040976
12270,2.72844,0.574957,2.01423,-0.0142023,0.261041,0.449433,0.0119835,-0.00570916,0.514928,0.00303801,7.1731e-05,-2.52787e-07,0.00303801,0.511725,-1.22846e-06,7.62135e-05,7.1731e-05,-1.22846e-06,0.000324485,2.54085e-08,-2.52787e-07,7.62135e-05,2.54085e-08,0.000330851
12302,2.88369,-0.00481775,1.99849,0.00202672,-0.240658,-0.141618,-0.0104659,0.0163132,0.514392,0.00295379,6.83192e-05,-1.02901e-06,0.00295379,0.511808,-1.62972e-06,7.29151e-05,6.83192e-05,-1.62972e-06,0.00033414,4.53242e-08,-1.02901e-06,7.29151e-05,4.53242e-08,0.000341212
12351,4.6118,0.626603,2.00437,-0.000808454,0.51026,0.475904,0.00568017,-0.0005846,0.513934,0.00296631,0.000119043,3.67885e-06,0.00296631,0.512218,5.16321e-06,0.000129765,0.000119043,5.16321e-06,0.000424931,1.59662e-08,3.67885e-06,0.000129765,1.59662e-08,0.000435388
12383,4.38222,0.340546,2.0157,-0.00968886,-0.372722,0.1804,0.0141806,-0.00893981,0.513467,0.00286839,7.70619e-05,6.60601e-07,0.00286839,0.512272,5.54146e-07,8.39706e-05,7.70619e-05,5.54146e-07,0.000341659,5.34102e-09,6.60601e-07,8.39706e-05,5.34102e-09,0.000348644
12460,6.26195,-0.723483,1.99627,0.000774437,-0.0374331,-0.89105,-0.015448,0.00968015,0.513118,0.0028776,0.000230044,-1.00913e-06,0.0028776,0.513085,-2.04266e-06,0.000245819,0.000230044,-2.04266e-06,0.000577024,5.40173e-08,-1.00913e-06,0.000245819,5.40173e-08,0.000593339
12556,8.83489,0.604894,1.99328,0.0107016,0.626988,0.442688,-0.0062751,0.0123295,0.512938,0.00304026,0.000365288,7.57368e-07,0.00304026,0.514613,3.97436e-06,0.000391498,0.000365288,3.97436e-06,0.000695251,1.947e-08,7.57368e-07,0.000391498,1.947e-08,0.000715233
12609,8.47836,0.110778,2.00127,-0.0201915,-0.798518,-0.0788085,0.00685089,-0.0312246,0.512475,0.00298002,0.000171641,1.9442e-07,0.00298002,0.514932,6.14595e-06,0.000185836,0.000171641,6.14595e-06,0.000462612,-4.72628e-08,1.9442e-07,0.000185836,-4.72628e-08,0.0004736
12678,11.4618,0.945886,1.99941,-0.000291286,0.828002,0.79251,-0.000515196,0.0108103,0.5122,0.00295992,0.000209836,-2.33459e-06,0.00295992,0.515785,-1.46717e-05,0.000228754,0.000209836,-1.46717e-05,0.000541513,8.04411e-08,-2.33459e-06,0.000228754,8.04411e-08,0.000555907
12699,11.5765,-0.624855,1.99559,-0.0082886,0.499785,-0.811592,-0.00202572,-0.00522143,0.51181,0.00278541,6.76616e-05,-9.27161e-07,0.00278541,0.515378,3.18212e-06,7.26503e-05,6.76616e-05,3.18212e-06,0.000289425,-1.94384e-09,-9.27161e-07,7.26503e-05,-1.94384e-09,0.000294088
12780,11.4945,1.43077,1.99701,0.00419918,-1.19446,1.30905,0.00295897,0.011521,0.511635,0.002711,0.000246019,-1.41205e-06,0.002711,0.516253,-6.07919e-06,0.00026891,0.000246019,-6.07919e-06,0.000593256,5.09759e-08,-1.41205e-06,0.00026891,5.09759e-08,0.000610146
12829,13.1676,-1.29148,2.00889,0.00703922,-0.482572,-1.46417,0.0102849,0.00238455,0.511323,0.00262376,0.000145035,-2.20555e-06,0.00262376,0.516488,6.46182e-06,0.000154041,0.000145035,6.46182e-06,0.000438612,-1.66928e-08,-2.20555e-06,0.000154041,-1.66928e-08,0.000448892
12891,15.5717,0.423801,1.99092,-0.0218741,0.691801,0.29303,-0.0168118,-0.0313089,0.511122,0.00262857,0.000179965,-3.60723e-06,0.00262857,0.517485,3.14765e-07,0.000187491,0.000179965,3.14765e-07,0.000502232,-3.97355e-08,-3.60723e-06,0.000187491,-3.97355e-08,0.000515351
12979,16.6896,-0.77229,2.00515,0.0104822,0.045032,-0.884681,0.00861343,0.0245474,0.511021,0.00253475,0.000308272,-2.18488e-06,0.00253475,0.518509,-1.59354e-05,0.000340056,0.000308272,-1.59354e-05,0.000647851,1.04584e-07,-2.18488e-06,0.000340056,1.04584e-07,0.000666112
13065,18.3721,-0.0524636,2.00309,-0.00036135,0.025821,-0.101231,-0.00322415,-0.0124212,0.510304,0.0021346,0.000313416,-3.87917e-06,0.0021346,0.517767,5.43598e-06,0.000328026,0.000313416,5.43598e-06,0.000641527,-7.44728e-08,-3.87917e-06,0.000328026,-7.44728e-08,0.000659428
13129,19.6488,-0.23388,1.99432,0.0103205,0.0174543,-0.307594,-0.0099327,0.00702272,0.510075,0.00206515,0.000208997,-2.98036e-06,0.00206515,0.518328,-1.83561e-06,0.000225403,0.000208997,-1.83561e-06,0.000520696,-7.13316e-09,-2.98036e-06,0.000225403,-7.13316e-09,0.000534052
13181,20.7599,0.393576,2.00404,0.0171415,0.0913551,0.288175,0.00611138,0.0030558,0.509865,0.00194142,0.000152033,-2.30778e-06,0.00194142,0.51821,5.98477e-06,0.000169967,0.000152033,5.98477e-06,0.000452191,-5.4184e-08,-2.30778e-06,0.000169967,-5.4184e-08,0.000463096
13256,21.6266,-0.470561,2.00611,0.00412173,-0.551812,-0.637304,0.000371552,-0.0166647,0.509779,0.00187361,0.000239554,-4.9636e-06,0.00187361,0.519124,7.45231e-06,0.000254882,0.000239554,7.45231e-06,0.000573733,-1.36332e-07,-4.9636e-06,0.000254882,-1.36332e-07,0.000589455
13312,22.8252,-0.359667,1.98314,-0.000240967,-0.463262,-0.485368,-0.0253308,-0.00988523,0.509586,0.00178088,0.000167955,-3.51849e-06,0.00178088,0.519427,-9.88742e-06,0.000180562,0.000167955,-9.88742e-06,0.000475547,-4.81445e-08,-3.51849e-06,0.000180562,-4.81445e-08,0.000487346
13397,25.014,0.0248431,2.00445,-0.0205551,0.0555209,-0.0629338,0.0142966,-0.0218753,0.509563,0.00171743,0.000292557,-3.83251e-06,0.00171743,0.520648,-9.57909e-06,0.000325492,0.000292557,-9.57909e-06,0.000629975,-3.41411e-08,-3.83251e-06,0.000325492,-3.41411e-08,0.000647554
13465,26.4236,-1.09385,2.0104,-0.00254643,0.0960848,-1.14325,0.00530849,0.0113249,0.5094,0.00164349,0.000223668,-3.80227e-06,0.00164349,0.521201,-1.54178e-05,0.000234587,0.000223668,-1.54178e-05,0.000542168,1.00627e-07,-3.80227e-06,0.000234587,1.00627e-07,0.000556327
13548,28.4222,-0.239863,1.99917,0.0126964,0.424982,-0.239452,-0.0133969,0.0137215,0.509355,0.00158739,0.000290885,-3.86666e-06,0.00158739,0.522305,1.54426e-06,0.000304464,0.000290885,1.54426e-06,0.000621687,2.93717e-08,-3.86666e-06,0.000304464,2.93717e-08,0.000639158
13604,29.6456,-1.10869,2.0075,0.00509322,0.528881,-1.08488,0.00943529,-0.00795491,0.509155,0.00150426,0.000174913,-1.9504e-06,0.00150426,0.522422,5.20801e-06,0.000194648,0.000174913,5.20801e-06,0.000476944,-5.8206e-08,-1.9504e-06,0.000194648,-5.8206e-08,0.000488647
13624,29.4353,-0.549249,2.00669,0.0138679,-0.09242,-0.477563,0.000115744,0.00704383,0.508943,0.00142128,6.153e-05,-1.23229e-06,0.00142128,0.521966,-5.46239e-06,6.19258e-05,6.153e-05,-5.46239e-06,0.000281686,-8.49415e-09,-1.23229e-06,6.19258e-05,-8.49415e-09,0.00028622
13722,31.907,0.425691,2.01233,0.00229899,0.413935,0.514005,0.00398514,-0.0138665,0.509036,0.00135915,0.000339259,-2.35842e-06,0.00135915,0.523639,-1.90776e-07,0.000358921,0.000339259,-1.90776e-07,0.000686469,-1.44462e-07,-2.35842e-06,0.000358921,-1.44462e-07,0.00070716
13765,33.601,-1.0367,1.98916,0.00937309,1.23262,-0.957682,-0.0220371,0.00180167,0.508781,0.00127577,0.000132957,-1.5741e-06,0.00127577,0.523209,-8.09873e-06,0.000139833,0.000132957,-8.09873e-06,0.000409012,-2.26987e-08,-1.5741e-06,0.000139833,-2.26987e-08,0.00041816
13842,33.6274,-0.325627,2.01286,-0.0118035,-0.289853,-0.200172,0.0160689,-0.0248366,0.508757,0.00120006,0.000246006,-1.35816e-06,0.00120006,0.523518,-3.97008e-06,0.000276374,0.000246006,-3.97008e-06,0.000582171,-9.1488e-08,-1.35816e-06,0.000276374,-9.1488e-08,0.000598272
13890,35.0744,-0.364482,1.99915,0.00195548,0.190704,-0.209517,-0.0124934,0.0059865,0.508581,0.00113694,0.000140735,-1.36655e-06,0.00113694,0.52381,-1.61463e-05,0.000141942,0.000140735,-1.61463e-05,0.000432943,4.11525e-08,-1.36655e-06,0.000141942,4.11525e-08,0.000443149
13934,35.2025,-0.0831032,1.99562,0.00649473,-0.561612,0.0119254,-0.00743944,0.00771286,0.508447,0.00107196,0.000115578,-1.71582e-06,0.00107196,0.522998,7.57128e-06,0.000132549,0.000115578,7.57128e-06,0.000405446,8.70474e-09,-1.71582e-06,0.000132549,8.70474e-09,0.000414814
14027,36.8102,0.557068,2.00609,-0.00797328,-0.799759,0.686961,0.010498,-0.0156258,0.50853,0.00101481,0.000327704,-1.98603e-06,0.00101481,0.52433,2.20641e-06,0.000357105,0.000327704,2.20641e-06,0.000670453,-4.5344e-08,-1.98603e-06,0.000357105,-4.5344e-08,0.000689836
14052,37.9366,-0.29986,1.98423,0.00363364,-0.167771,-0.189392,-0.0191345,0.00979582,0.508262,0.000953869,8.51808e-05,-1.08881e-06,0.000953869,0.523775,-7.43545e-06,8.40491e-05,8.51808e-05,-7.43545e-06,0.000313872,2.86027e-08,-1.08881e-06,8.40491e-05,2.86027e-08,0.000319321
14146,39.0478,-0.150375,1.9902,-0.00947209,-0.921172,-0.0529866,-0.00423555,-0.0116856,0.508358,0.000902328,0.000324912,-2.63378e-06,0.000902328,0.524613,5.41181e-06,0.000358126,0.000324912,5.41181e-06,0.000668123,-4.20493e-09,-2.63378e-06,0.000358126,-4.20493e-09,0.000687616
14170,39.5429,0.926801,1.98033,-0.0231617,-0.886961,1.03635,-0.0103258,-0.0163437,0.508097,0.000845284,8.28564e-05,-1.05488e-06,0.000845284,0.523996,-6.12274e-06,9.10156e-05,8.28564e-05,-6.12274e-06,0.000308603,2.13401e-08,-1.05488e-06,9.10156e-05,2.13401e-08,0.000313772
14231,42.3671,-0.632792,1.99696,-0.00115708,0.742668,-0.540104,0.0128805,0.0185443,0.508041,0.000798175,0.000164077,-1.93412e-06,0.000798175,0.524192,-8.22648e-06,0.000182925,0.000164077,-8.22648e-06,0.000486624,1.09531e-07,-1.93412e-06,0.000182925,1.09531e-07,0.000499271
14269,42.9187,0.792145,1.99386,0.00379004,0.521165,0.90493,-0.00143054,0.00745771,0.507905,0.000755839,0.00010025,-1.25277e-06,0.000755839,0.524136,8.20645e-06,0.000100596,0.00010025,8.20645e-06,0.000376324,8.50823e-09,-1.25277e-06,0.000100596,8.50823e-09,0.000384438
14349,44.5366,-0.870313,2.01019,-0.0149401,0.534752,-0.753582,0.015309,-0.0205218,0.507932,0.000711226,0.00025337,-1.35902e-06,0.000711226,0.524447,2.76702e-06,0.000272316,0.00025337,2.76702e-06,0.000596378,-2.50774e-08,-1.35902e-06,0.000272316,-2.50774e-08,0.00061302
14413,44.2441,1.02847,2.0058,0.00800365,-1.05671,1.15373,-0.00450209,0.0224001,0.507836,0.000666627,0.000202531,-1.62434e-06,0.000666627,0.52464,-7.35892e-06,0.000206474,0.000202531,-7.35892e-06,0.000519459,9.11491e-08,-1.62434e-06,0.000206474,9.11491e-08,0.000532922
14446,46.2884,-0.173426,1.99404,-0.0163515,0.341926,-0.110254,-0.0127883,-0.0186796,0.507677,0.000629537,9.27144e-05,-1.12793e-06,0.000629537,0.52439,1.42445e-05,9.91213e-05,9.27144e-05,1.42445e-05,0.00035133,-1.69736e-08,-1.12793e-06,9.91213e-05,-1.69736e-08,0.000358444
14521,46.9962,-0.792031,1.99364,0.0131593,-0.451728,-0.69674,-0.00557012,0.0285471,0.507689,0.00058629,0.000227173,-1.81105e-06,0.00058629,0.525046,-6.57437e-06,0.000249136,0.000227173,-6.57437e-06,0.000566901,9.90504e-08,-1.81105e-06,0.000249136,9.90504e-08,0.000582666
14608,49.4101,-0.632891,1.99822,-0.020277,0.234722,-0.471307,0.00153534,-0.0317657,0.507729,0.000559478,0.000312224,-4.42634e-07,0.000559478,0.52549,8.36426e-06,0.000339219,0.000312224,8.36426e-06,0.000644723,-7.10915e-08,-4.42634e-07,0.000339219,-7.10915e-08,0.000662742
14667,49.7973,-1.23516,2.0003,-0.000730467,-0.561033,-1.03628,-0.000393237,0.0152675,0.507585,0.000518201,0.000188855,-6.5065e-07,0.000518201,0.5254,-1.72441e-05,0.000200176,0.000188855,-1.72441e-05,0.00049374,8.86526e-08,-6.5065e-07,0.000200176,8.86526e-08,0.000506004
14690,50.9817,0.615287,2.01037,-0.0121033,0.172967,0.819702,0.00846157,-0.0105493,0.507425,0.000496695,6.92069e-05,-5.66819e-07,0.000496695,0.524283,7.4585e-06,7.39251e-05,6.92069e-05,7.4585e-06,0.000297996,-8.64582e-10,-5.66819e-07,7.39251e-05,-8.64582e-10,0.000303082
14737,51.6865,-0.633667,1.99657,-0.00210841,-0.0711571,-0.46039,-0.0119029,0.0046483,0.507354,0.000461703,0.000110631,-8.76445e-07,0.000461703,0.524481,-3.40576e-07,0.000114075,0.000110631,-3.40576e-07,0.000410444,3.86511e-08,-8.76445e-07,0.000114075,3.86511e-08,0.000420549
14784,51.962,0.811025,1.99928,-0.0221043,-0.730792,1.0228,0.000586789,-0.0181035,0.507277,0.000435592,0.000118869,-6.99629e-07,0.000435592,0.524198,4.62063e-08,0.000132406,0.000118869,4.62063e-08,0.000420083,2.05924e-08,-6.99629e-07,0.000132406,2.05924e-08,0.000430112
14869,55.1689,-0.0782371,1.98777,0.0159434,0.770356,0.188117,-0.0178677,0.0338529,0.507091,0.000350371,0.000277007,-6.20663e-07,0.000350371,0.522404,-1.15909e-05,0.000278801,0.000277007,-1.15909e-05,0.000626796,1.49643e-07,-6.20663e-07,0.000278801,1.49643e-07,0.000644603
14924,54.9289,-0.0133556,1.98821,-0.00391752,-0.567974,0.209997,-0.0063315,-0.0135006,0.506974,0.000341023,0.000168537,-7.12746e-07,0.000341023,0.522434,1.87784e-05,0.000187391,0.000168537,1.87784e-05,0.000471745,-2.84681e-08,-7.12746e-07,0.000187391,-2.84681e-08,0.000483114
15022,57.7987,0.21476,2.02317,0.00829808,0.361013,0.436451,0.0294163,0.00921515,0.507129,0.000306807,0.000369024,-7.90244e-07,0.000306807,0.523877,-2.41077e-06,0.000394249,0.000369024,-2.41077e-06,0.000702173,8.65849e-09,-7.90244e-07,0.000394249,8.65849e-09,0.00072243
15104,58.5059,-0.45939,1.98804,6.38535e-06,-0.608999,-0.301002,-0.0354067,-0.0105813,0.507079,0.000290138,0.000300879,-1.359e-06,0.000290138,0.524148,1.00458e-05,0.000301593,0.000300879,1.00458e-05,0.000620681,-6.92178e-08,-1.359e-06,0.000301593,-6.92178e-08,0.000637988
15143,61.2986,-0.990236,2.01896,-0.0125892,1.43117,-0.813655,0.0224436,-0.0150966,0.506898,0.000259577,0.00011983,-1.41989e-06,0.000259577,0.524045,-4.43069e-06,0.000143786,0.00011983,-4.43069e-06,0.00038619,1.68983e-08,-1.41989e-06,0.000143786,1.68983e-08,0.000394413
15192,61.1918,1.76503,2.00536,0.0147174,0.312745,1.97449,-0.00925421,0.0225385,0.506837,0.0002051,0.000128324,-1.31229e-05,0.0002051,0.523842,-2.07843e-06,0.00013028,0.000128324,-2.07843e-06,0.000429181,5.76678e-07,-1.31229e-05,0.00013028,5.76678e-07,0.000439628
15227,62.3894,0.105951,2.00464,-0.00975195,0.811821,0.130425,-0.00902973,-0.0195852,0.506746,0.000134747,8.60224e-05,-1.52899e-05,0.000134747,0.523249,2.59291e-05,9.58506e-05,8.60224e-05,2.59291e-05,0.00035766,2.64812e-07,-1.52899e-05,9.58506e-05,2.64812e-07,0.000365262
15277,63.3353,1.1984,2.01438,-0.0283926,0.76839,0.993911,0.00430732,-0.0230177,0.506708,-2.74768e-05,0.000120061,-3.41963e-05,-2.74768e-05,0.523114,2.96432e-05,0.000136202,0.000120061,2.96432e-05,0.000432321,5.95267e-07,-3.41963e-05,0.000136202,5.95267e-07,0.000442963
15366,63.6967,2.27059,1.99668,0.00136811,-0.564715,1.40929,-0.0173096,0.0265618,0.50687,-0.000485452,0.000277173,-0.000135193,-0.000485452,0.52408,0.000124363,0.000298207,0.000277173,0.000124363,0.000649969,1.89524e-06,-0.000135193,0.000298207,1.89524e-06,0.000668285
15433,65.6066,0.771208,1.98758,-0.0208316,0.204941,-0.826417,-0.0100172,-0.0197803,0.506887,-0.000996648,0.000182428,-0.000124595,-0.000996648,0.52463,0.000140911,0.000204337,0.000182428,0.000140911,0.00053721,1.01278e-06,-0.000124595,0.000204337,1.01278e-06,0.000550919
15489,67.3713,2.36272,1.99446,-0.0104779,1.06276,0.179322,0.00676464,0.0062286,0.50694,-0.00143497,0.000131441,-0.000110689,-0.00143497,0.524246,9.53687e-05,0.000148576,0.000131441,9.53687e-05,0.000474291,7.73157e-07,-0.000110689,0.000148576,7.73157e-07,0.000485762
15583,67.5557,3.93629,2.00747,-0.00104092,-0.0780854,0.377391,0.0164624,0.00739349,0.507454,-0.00237613,0.00021682,-0.000271653,-0.00237613,0.524718,0.000272866,0.000236751,0.00021682,0.000272866,0.00067998,1.96164e-06,-0.000271653,0.000236751,1.96164e-06,0.000698866
15661,69.8485,5.16044,1.9967,-0.00396499,1.33134,0.277847,-0.00691975,-0.00442537,0.507891,-0.00316573,0.000138729,-0.00024173,-0.00316573,0.524341,0.000244847,0.000145059,0.000138729,0.000244847,0.000598097,1.31789e-06,-0.00024173,0.000145059,1.31789e-06,0.00061402
15721,68.5586,5.46892,1.98946,-0.000860203,-0.524967,-0.463546,-0.00668104,-0.00167598,0.508258,-0.00366409,7.84986e-05,-0.000180715,-0.00366409,0.523467,0.000168712,9.03081e-05,7.84986e-05,0.000168712,0.000497821,7.92703e-07,-0.000180715,9.03081e-05,7.92703e-07,0.000510163
15763,69.9028,7.7601,1.98388,0.010429,0.541596,1.03556,-0.00765491,0.00975325,0.508468,-0.00383643,3.69361e-05,-0.000117238,-0.00383643,0.52236,0.000110981,4.99706e-05,3.69361e-05,0.000110981,0.000397947,4.11922e-07,-0.000117238,4.99706e-05,4.11922e-07,0.000406738
15810,70.5787,7.6033,1.98927,0.0177578,0.980017,-0.0730411,0.00323788,0.00586768,0.508808,-0.00403097,2.36193e-05,-0.000126411,-0.00403097,0.521354,0.000123946,4.06727e-05,2.36193e-05,0.000123946,0.00041928,4.64138e-07,-0.000126411,4.06727e-05,4.64138e-07,0.000429072
15898,68.7727,9.45784,1.99974,0.00743996,-1.06169,0.0506162,0.00705656,-0.0124443,0.50998,-0.00463021,1.33529e-05,-0.000313503,-0.00463021,0.520589,0.000302835,2.96748e-05,1.33529e-05,0.000302835,0.00064358,1.48649e-06,-0.000313503,2.96748e-05,1.48649e-06,0.000661444
15970,69.0962,11.146,2.00811,0.00856029,-0.723138,0.290493,0.00772743,-0.00505238,0.510844,-0.0048595,4.83641e-06,-0.000251737,-0.0048595,0.519514,0.000237051,4.7293e-06,4.83641e-06,0.000237051,0.00056428,1.2169e-07,-0.000251737,4.7293e-06,1.2169e-07,0.000579213
16030,70.2124,11.4635,1.99369,0.0189663,0.441671,-0.632204,-0.0179817,0.00904414,0.511273,-0.00469509,2.72819e-07,-0.000194832,-0.00469509,0.518351,0.000183784,3.55338e-06,2.72819e-07,0.000183784,0.000496788,-5.17831e-08,-0.000194832,3.55338e-06,-5.17831e-08,0.000509419
16123,69.7336,13.5447,1.99085,0.00835059,-0.0265941,-0.365487,-0.0057727,-0.0106931,0.512826,-0.00495117,-1.47325e-06,-0.000367378,-0.00495117,0.517696,0.00034006,1.0195e-05,-1.47325e-06,0.00034006,0.000675429,-1.65676e-07,-0.000367378,1.0195e-05,-1.65676e-07,0.000694778
16180,70.7634,15.9388,2.00777,-0.00179519,0.99742,0.917078,0.0146807,-0.0135539,0.513044,-0.00467607,6.91398e-06,-0.000200769,-0.00467607,0.51675,0.00017758,6.01902e-06,6.91398e-06,0.00017758,0.000483693,-7.58902e-08,-0.000200769,6.01902e-06,-7.58902e-08,0.000495466
16230,69.7975,15.7989,1.98925,0.0196161,0.0137855,-0.248378,-0.0147782,0.0136517,0.513456,-0.00454225,8.69449e-06,-0.000147989,-0.00454225,0.516082,0.000135806,-8.28474e-07,8.69449e-06,0.000135806,0.000439963,-1.8159e-08,-0.000147989,-8.28474e-07,-1.8159e-08,0.000450524
16263,70.0694,16.3609,1.99518,0.000555819,0.298582,-0.331817,0.00254848,-0.0196248,0.513783,-0.00446984,-3.34161e-06,-9.66062e-05,-0.00446984,0.515534,8.56222e-05,2.82208e-06,-3.34161e-06,8.56222e-05,0.000347734,-6.41581e-08,-9.66062e-05,2.82208e-06,-6.41581e-08,0.000354826
16300,70.5039,17.0592,2.00012,0.00753049,0.745981,-0.369317,0.00403816,-0.0017424,0.513905,-0.00425843,5.29989e-06,-9.28395e-05,-0.00425843,0.51497,8.18679e-05,-3.98393e-08,5.29989e-06,8.18679e-05,0.000362544,-2.96368e-08,-9.28395e-05,-3.98393e-08,-2.96368e-08,0.000370515
16386,70.0003,20.6593,1.99601,0.00364077,0.21507,1.53936,0.000937416,-0.0120258,0.51535,-0.00427471,6.06925e-06,-0.000297321,-0.00427471,0.514617,0.000277157,-1.45608e-06,6.06925e-06,0.000277157,0.000628434,-1.20104e-07,-0.000297321,-1.45608e-06,-1.20104e-07,0.000646425
16434,70.99,20.9555,2.00253,0.00864989,1.09177,0.892859,0.00873115,0.000186368,0.514437,-0.00356079,1.59435e-05,-0.00014754,-0.00356079,0.513091,0.000132315,-1.70533e-06,1.59435e-05,0.000132315,0.000434232,-2.86936e-08,-0.00014754,-1.70533e-06,-2.86936e-08,0.000444199
16521,70.7689,22.1616,2.01798,0.00159202,0.848288,0.342511,0.0178008,-0.0101355,0.515537,-0.00346622,5.8152e-06,-0.000317286,-0.00346622,0.512863,0.000296742,-8.86309e-07,5.8152e-06,0.000296742,0.000638889,-9.87037e-08,-0.000317286,-8.86309e-07,-9.87037e-08,0.00065699
16596,70.098,24.5745,1.98804,0.00516845,0.148359,1.23036,-0.0344122,0.00125313,0.516549,-0.00340781,7.70113e-06,-0.000264738,-0.00340781,0.512552,0.000255768,-3.18867e-06,7.70113e-06,0.000255768,0.00058066,-1.80567e-08,-0.000264738,-3.18867e-06,-1.80567e-08,0.000596514
16684,70.1372,24.6142,1.99704,0.0136464,0.195754,-0.497054,0.00581173,0.00742946,0.517604,-0.00328823,3.36801e-07,-0.000362002,-0.00328823,0.512342,0.000322085,1.96372e-06,3.36801e-07,0.000322085,0.000650724,-4.35056e-08,-0.000362002,1.96372e-06,-4.35056e-08,0.000668924
16747,70.0388,27.0559,1.98395,-0.0100782,0.0983364,0.697403,-0.0116063,-0.0264574,0.518601,-0.00324184,-3.68704e-06,-0.000217756,-0.00324184,0.51201,0.000206426,-2.12162e-06,-3.68704e-06,0.000206426,0.000515513,-8.81868e-08,-0.000217756,-2.12162e-06,-8.81868e-08,0.000528581
16814,69.9903,27.924,2.0064,0.0109791,0.0293939,0.224261,0.0206309,0.0148658,0.519355,-0.00311356,1.46757e-05,-0.000231619,-0.00311356,0.511758,0.000208547,-1.24401e-06,1.46757e-05,0.000208547,0.000532975,1.41627e-08,-0.000231619,-1.24401e-06,1.41627e-08,0.000546788
16889,69.989,28.7988,1.9935,0.00210069,0.088,-0.420269,-0.00531192,-0.00909043,0.520328,-0.00300715,-1.22445e-05,-0.000255446,-0.00300715,0.51156,0.000249146,-4.46758e-06,-1.22445e-05,0.000249146,0.000577339,-8.21318e-08,-0.000255446,-4.46758e-06,-8.21318e-08,0.000592959
16917,69.6632,30.6088,2.00733,0.00734897,-0.271622,0.846322,0.0132122,0.00413734,0.519742,-0.00280769,6.33521e-06,-9.45484e-05,-0.00280769,0.511206,8.42726e-05,-1.20322e-06,6.33521e-06,8.42726e-05,0.000327083,-6.30337e-09,-9.45484e-05,-1.20322e-06,-6.30337e-09,0.00033309
16975,70.3585,29.4426,1.99441,0.0120839,0.428874,-1.5032,-0.00849985,0.00426714,0.52017,-0.00267414,4.42571e-07,-0.000160746,-0.00267414,0.511005,0.000152572,-2.79186e-06,4.42571e-07,0.000152572,0.000472414,-4.12667e-08,-0.000160746,-2.79186e-06,-4.12667e-08,0.000484695
17067,70.3876,32.3744,2.01796,-0.00642586,0.435083,-0.369739,0.021798,-0.0226294,0.521202,-0.00253681,-1.69553e-07,-0.00035903,-0.00253681,0.51096,0.000329107,-2.1702e-06,-1.69553e-07,0.000329107,0.00066871,-1.29496e-07,-0.00035903,-2.1702e-06,-1.29496e-07,0.000687818
17092,70.1998,33.3523,1.99239,-0.0135715,0.214883,0.104059,-0.0204772,-0.0138625,0.520886,-0.0024076,1.43569e-05,-7.82176e-05,-0.0024076,0.51059,8.42635e-05,-2.28682e-06,1.43569e-05,8.42635e-05,0.000313848,3.2847e-08,-7.82176e-05,-2.28682e-06,3.2847e-08,0.000319349
17169,70.236,34.239,1.9762,-0.0124169,0.203897,-0.543077,-0.0229152,-0.00663544,0.521883,-0.00230441,1.45039e-05,-0.000260675,-0.00230441,0.510495,0.00023364,-1.5744e-06,1.45039e-05,0.00023364,0.000574196,3.24575e-08,-0.000260675,-1.5744e-06,3.24575e-08,0.000590311
17246,68.3627,36.4089,1.98964,-0.0269906,-1.69861,0.124837,0.0132677,-0.0184174,0.522767,-0.00220732,6.87186e-06,-0.000297182,-0.00220732,0.510367,0.000259876,-1.01545e-06,6.87186e-06,0.000259876,0.000589748,6.23741e-08,-0.000297182,-1.01545e-06,6.23741e-08,0.000605485
17331,71.5238,38.7721,2.01115,0.00667285,1.47761,0.78456,0.023918,0.0299335,0.523858,-0.00211533,1.10838e-05,-0.000321263,-0.00211533,0.510278,0.000305277,-2.48277e-06,1.10838e-05,0.000305277,0.000634373,2.01242e-07,-0.000321263,-2.48277e-06,2.01242e-07,0.000651795
17426,70.1652,40.3304,2.00546,0.00643552,0.040987,0.415954,-0.00218841,0.00202853,0.525301,-0.00204007,-1.25398e-05,-0.000375702,-0.00204007,0.510239,0.000369129,-1.609e-06,-1.25398e-05,0.000369129,0.00069133,-1.08703e-08,-0.000375702,-1.609e-06,-1.08703e-08,0.000711116
17467,70.5623,41.4356,2.01327,-0.0174854,0.468938,0.692883,0.00728207,-0.0244678,0.525298,-0.00189572,-1.41761e-05,-0.000137819,-0.00189572,0.509904,0.000130455,-1.17036e-05,-1.41761e-05,0.000130455,0.000398501,3.36291e-07,-0.000137819,-1.17036e-05,3.36291e-07,0.000407127
17513,70.457,41.1959,2.01391,-0.0209774,0.469251,-0.479899,0.00602719,-0.0100207,0.524924,-0.00167889,-9.54167e-06,-0.0001269,-0.00167889,0.509722,0.000118955,-2.21448e-05,-9.54167e-06,0.000118955,0.000414011,5.43993e-07,-0.0001269,-2.21448e-05,5.43993e-07,0.000423786
17544,69.6486,42.3444,2.01927,-0.00650043,-0.248459,0.0649185,0.0110854,0.0122995,0.524697,-0.0014805,-7.81449e-06,-7.77591e-05,-0.0014805,0.509526,7.42737e-05,-1.87784e-05,-7.81449e-06,7.42737e-05,0.000335777,3.16053e-07,-7.77591e-05,-1.87784e-05,3.16053e-07,0.000342569
17605,69.909,43.1061,1.98826,-0.00285858,0.381449,-0.354799,-0.0243836,0.00759192,0.524844,-0.00111174,-6.22298e-05,-0.000159895,-0.00111174,0.509426,0.000151325,-5.8012e-05,-6.22298e-05,0.000151325,0.000489451,8.92419e-07,-0.000159895,-5.8012e-05,8.92419e-07,0.000502365
17657,69.1975,43.866,2.01008,0.00235484,0.0555152,-0.531296,0.0221882,0.00670444,0.525227,-0.000682876,-7.09229e-05,-0.000155328,-0.000682876,0.509304,0.000128623,-6.63412e-05,-7.09229e-05,0.000128623,0.000450913,6.39309e-07,-0.000155328,-6.63412e-05,6.39309e-07,0.000461722
17683,69.9167,43.3351,1.99345,0.00112812,1.04276,-1.51742,-0.00918415,-0.000766539,0.524092,-0.000470562,-4.11897e-05,-5.65027e-05,-0.000470562,0.509136,5.9212e-05,-3.40453e-05,-4.11897e-05,5.9212e-05,0.00031165,1.77775e-07,-5.65027e-05,-3.40453e-05,1.77775e-07,0.000317398
17729,67.1019,45.3851,1.99173,0.00550293,-1.33911,-0.217419,-0.00347591,0.00326375,0.524213,-1.264e-05,-6.111e-05,-0.000100373,-1.264e-05,0.509078,8.8129e-05,-6.32479e-05,-6.111e-05,8.8129e-05,0.000406682,4.80672e-07,-0.000100373,-6.32479e-05,4.80672e-07,0.000416407
17804,67.0586,46.9876,2.00054,-0.00052669,-0.392779,0.228332,0.00881447,-0.00819135,0.524428,0.000754339,-0.00016293,-0.000188768,0.000754339,0.509241,0.000167158,-0.000162903,-0.00016293,0.000167158,0.000571112,1.17347e-06,-0.000188768,-0.000162903,1.17347e-06,0.000586515
17895,66.4367,47.9922,1.98327,-0.00467172,0.333132,0.0130144,-0.0091094,-0.00964031,0.524157,0.00167031,-0.000264338,-0.000221982,0.00167031,0.509652,0.000201719,-0.000277285,-0.000264338,0.000201719,0.00066712,1.71033e-06,-0.000221982,-0.000277285,1.71033e-06,0.000685503
17927,64.2813,47.3094,1.99737,-0.0119188,-1.32315,-1.03492,0.0136151,-0.00759778,0.523443,0.00200691,-7.86047e-05,-6.90179e-05,0.00200691,0.509561,5.85464e-05,-9.09408e-05,-7.86047e-05,5.85464e-05,0.000350427,2.64915e-07,-6.90179e-05,-9.09408e-05,2.64915e-07,0.000357091
18006,65.3544,49.1113,1.99867,0.00303465,1.1649,0.0248792,0.0119724,0.0106206,0.522628,0.00267217,-0.000223,-0.000117147,0.00267217,0.510076,0.000103699,-0.000237232,-0.000223,0.000103699,0.000588789,1.3873e-06,-0.000117147,-0.000237232,1.3873e-06,0.000604835
18092,61.9998,48.449,2.00413,0.0166191,-0.537859,-1.17798,0.0118478,0.0109319,0.519927,0.00305196,-0.000297807,-8.39222e-05,0.00305196,0.51033,7.31066e-05,-0.000305315,-0.000297807,7.31066e-05,0.00063985,1.52973e-06,-8.39222e-05,-0.000305315,1.52973e-06,0.000657186
18153,61.5133,50.092,2.00573,0.0138501,0.196002,0.273397,0.00318516,-0.00285351,0.519077,0.00341436,-0.000198288,-3.00226e-05,0.00341436,0.510778,2.224e-05,-0.000200411,-0.000198288,2.224e-05,0.000504365,7.14259e-07,-3.00226e-05,-0.000200411,7.14259e-07,0.00051695
18214,59.9582,50.8447,1.99655,0.00991015,-0.146178,0.950487,-0.00961338,-0.00403034,0.518464,0.00387508,-0.000182856,-8.12142e-06,0.00387508,0.511513,3.02784e-06,-0.000192449,-0.000182856,3.02784e-06,0.000499948,6.89103e-07,-8.12142e-06,-0.000192449,6.89103e-07,0.000512681
18287,59.9673,49.4688,1.99477,0.00178506,1.28996,-0.472109,0.00277469,-0.00879942,0.51764,0.00415266,-0.000228923,-1.52899e-05,0.00415266,0.512428,9.01666e-06,-0.000252065,-0.000228923,9.01666e-06,0.000565035,-6.44549e-08,-1.52899e-05,-0.000252065,-6.44549e-08,0.000580236
18333,58.5143,49.7543,1.99362,0.00150998,0.721363,-0.188332,0.000493527,-0.000768347,0.516796,0.00411051,-0.000128855,-7.82475e-06,0.00411051,0.512712,6.67718e-06,-0.000143894,-0.000128855,6.67718e-06,0.000421724,-1.82773e-08,-7.82475e-06,-0.000143894,-1.82773e-08,0.000431352
18405,56.5581,50.4013,2.0079,0.00484364,0.176142,0.447863,0.0204851,-0.000598825,0.516336,0.00448032,-0.000219991,-8.73695e-06,0.00448032,0.513967,5.32861e-06,-0.000237595,-0.000219991,5.32861e-06,0.000555623,-3.74766e-08,-8.73695e-06,-0.000237595,-3.74766e-08,0.000570574
18476,54.3657,50.746,2.00558,-0.00693807,-0.606298,0.754016,0.00473567,-0.0151703,0.515578,0.00433773,-0.000227642,-4.30085e-06,0.00433773,0.514581,6.83607e-06,-0.000240665,-0.000227642,6.83607e-06,0.000556274,-5.26954e-08,-4.30085e-06,-0.000240665,-5.26954e-08,0.000571078
18525,53.9209,51.8638,1.98663,-0.0137797,-0.0491554,1.84729,-0.0163341,-0.00999958,0.514956,0.00423183,-0.000138697,-3.60057e-06,0.00423183,0.514912,9.23812e-06,-0.000153115,-0.000138697,9.23812e-06,0.000437442,1.87442e-08,-3.60057e-06,-0.000153115,1.87442e-08,0.000447781
18599,52.0364,49.4615,2.00324,0.0016914,-0.479941,-0.638231,0.0151686,0.0168918,0.514618,0.00446728,-0.000228359,-9.65283e-06,0.00446728,0.51637,1.28706e-05,-0.000258737,-0.000228359,1.28706e-05,0.000567477,8.24241e-08,-9.65283e-06,-0.000258737,8.24241e-08,0.000582838
18625,52.2403,50.2893,2.00181,-0.0038512,0.264328,0.204285,0.00262466,-0.00288149,0.514028,0.00417868,-8.17876e-05,7.02382e-07,0.00417868,0.515994,-5.75947e-06,-8.00481e-05,-8.17876e-05,-5.75947e-06,0.000316331,-1.0893e-08,7.02382e-07,-8.00481e-05,-1.0893e-08,0.000322006
18670,51.1384,50.1694,2.02114,0.00382589,0.0535095,0.0623678,0.0239048,0.00905595,0.513652,0.00419123,-0.000107112,-1.15439e-06,0.00419123,0.516645,1.07778e-06,-0.000115213,-0.000107112,1.07778e-06,0.000401865,2.42104e-08,-1.15439e-06,-0.000115213,2.42104e-08,0.000411457
18757,49.0912,50.8299,1.98581,-0.00645741,-0.231307,0.72327,-0.0252551,-0.0102576,0.513394,0.00423693,-0.000294213,-8.20113e-07,0.00423693,0.518179,-3.49219e-06,-0.00030328,-0.000294213,-3.49219e-06,0.000636903,-2.55698e-08,-8.20113e-07,-0.00030328,-2.55698e-08,0.000655344
18814,47.5301,48.098,2.00591,-0.00568673,-0.665086,-2.03462,0.0203076,-0.00219892,0.512945,0.0040917,-0.000176436,-7.01582e-06,0.0040917,0.518617,6.62302e-06,-0.000207909,-0.000176436,6.62302e-06,0.000482746,1.7447e-08,-7.01582e-06,-0.000207909,1.7447e-08,0.000494547
18908,45.53,50.7759,2.00412,0.00957847,-0.747643,0.693371,0.00759,0.0167944,0.512736,0.0039528,-0.000346611,-2.24108e-06,0.0039528,0.519795,1.44939e-06,-0.00036907,-0.000346611,1.44939e-06,0.000680353,5.64412e-08,-2.24108e-06,-0.00036907,5.64412e-08,0.000699884
18938,45.7562,50.1699,1.99895,-0.0158841,0.0961974,0.0720056,-0.00322779,-0.0228421,0.512268,0.00382444,-0.000100706,9.72967e-07,0.00382444,0.519742,-8.1602e-06,-0.00010116,-0.000100706,-8.1602e-06,0.000340254,-3.34608e-08,9.72967e-07,-0.00010116,-3.34608e-08,0.000346681
18996,44.5221,51.5607,2.00226,0.00943635,0.0178036,1.44325,0.00887352,0.0181607,0.511983,0.00366847,-0.000154554,-1.0906e-06,0.00366847,0.520193,1.02138e-05,-0.000174139,-0.000154554,1.02138e-05,0.000473669,4.94028e-08,-1.0906e-06,-0.000174139,4.94028e-08,0.000485858
19072,43.4232,49.4862,1.99583,-0.0117292,0.435338,-0.670579,-0.00176947,-0.016565,0.511783,0.00357798,-0.000246073,-6.57806e-07,0.00357798,0.521207,-5.80055e-06,-0.000263456,-0.000246073,-5.80055e-06,0.000580308,-2.91906e-08,-6.57806e-07,-0.000263456,-2.91906e-08,0.000596176
19171,41.8194,50.3256,1.9991,-0.0066289,0.807095,0.216346,0.0102184,0.00205323,0.511708,0.00352668,-0.000385395,4.23905e-08,0.00352668,0.523038,3.97684e-06,-0.000414828,-0.000385395,3.97684e-06,0.000712155,8.93324e-08,4.23905e-08,-0.000414828,8.93324e-08,0.000732597
19242,38.8092,50.2146,2.00415,-0.0110333,-0.798556,0.0954309,0.0106055,-0.00372423,0.511387,0.00338255,-0.000247598,1.84546e-06,0.00338255,0.523607,-5.38639e-07,-0.000260281,-0.000247598,-5.38639e-07,0.000560452,5.44538e-08,1.84546e-06,-0.000260281,5.44538e-08,0.000575101
19300,37.4918,49.6634,2.00676,-0.00719855,-0.932385,-0.444376,0.00927935,0.00323118,0.511109,0.00320433,-0.000178751,2.27402e-06,0.00320433,0.523745,3.43651e-07,-0.0001882,-0.000178751,3.43651e-07,0.000485863,6.46682e-08,2.27402e-06,-0.0001882,6.46682e-08,0.000497972
19320,38.493,49.9046,1.99343,-0.0148971,0.503645,-0.178918,-0.00939498,-0.00719483,0.510209,0.00252814,-6.0083e-05,2.24407e-06,0.00252814,0.520325,-3.8921e-06,-5.7592e-05,-6.0083e-05,-3.8921e-06,0.000282069,1.22006e-08,2.24407e-06,-5.7592e-05,1.22006e-08,0.000286585
19356,37.7676,50.1155,1.99323,0.000810253,0.485296,0.0310703,0.000258963,0.0127592,0.510012,0.00243523,-7.65158e-05,1.44522e-06,0.00243523,0.520519,1.72564e-06,-8.65216e-05,-7.65158e-05,1.72564e-06,0.000350328,4.76771e-08,1.44522e-06,-8.65216e-05,4.76771e-08,0.000358073
19425,35.2495,49.3871,1.9926,0.0129629,-0.671376,-0.707183,0.00804401,0.0160718,0.509905,0.00234342,-0.000195465,2.00387e-06,0.00234342,0.521234,-4.50775e-06,-0.000215419,-0.000195465,-4.50775e-06,0.000534098,2.4346e-08,2.00387e-06,-0.000215419,2.4346e-08,0.000548488
19475,35.2508,50.2365,2.00165,-0.00172283,0.34354,0.184663,0.0155405,-0.0095235,0.509712,0.00226639,-0.000142256,2.41514e-06,0.00226639,0.521787,-1.16967e-05,-0.000148646,-0.000142256,-1.16967e-05,0.000442013,-4.68179e-08,2.41514e-06,-0.000148646,-4.68179e-08,0.000452445
19533,33.0002,49.966,2.00245,0.0132803,-0.748412,-0.0629733,0.00793111,0.0107843,0.509565,0.0021476,-0.000163776,3.22235e-06,0.0021476,0.522077,-3.55642e-07,-0.000169596,-0.000163776,-3.55642e-07,0.000480827,-4.82301e-09,3.22235e-06,-0.000169596,-4.82301e-09,0.000493006
19558,32.9881,50.9615,1.99792,0.0129591,-0.24379,0.945613,-0.00145611,0.00317874,0.509348,0.00204234,-6.93907e-05,1.89701e-06,0.00204234,0.521836,-6.29058e-06,-6.89156e-05,-6.93907e-05,-6.29058e-06,0.000307859,-3.55085e-08,1.89701e-06,-6.89156e-05,-3.55085e-08,0.000313376
19645,32.6553,50.9857,2.006,-0.0111686,1.15924,0.942056,0.0146124,-0.0233585,0.509354,0.001953,-0.000280546,3.34749e-06,0.001953,0.52316,-8.70758e-07,-0.000303888,-0.000280546,-8.70758e-07,0.000628597,-9.87808e-08,3.34749e-06,-0.000303888,-9.87808e-08,0.000646746
19691,30.4172,49.2805,1.99847,-0.00902639,-0.174378,-0.791253,-0.00051583,-0.000903637,0.509126,0.00180912,-0.000136835,2.5241e-06,0.00180912,0.522345,1.28237e-05,-0.000144225,-0.000136835,1.28237e-05,0.000423596,4.2929e-08,2.5241e-06,-0.000144225,4.2929e-08,0.000433268
19735,28.7468,50.3274,2.00515,0.00980851,-0.960997,0.288577,0.0122308,0.0196216,0.508971,0.00173172,-0.000115216,2.34365e-06,0.00173172,0.522657,1.93203e-06,-0.00012447,-0.000115216,1.93203e-06,0.000404909,4.29078e-08,2.34365e-06,-0.00012447,4.29078e-08,0.000414237
19823,26.7823,50.0853,1.99995,-0.0020525,-1.14694,0.109484,0.00648284,-0.0116437,0.509001,0.00163413,-0.00029999,5.38046e-06,0.00163413,0.523366,-1.66795e-05,-0.000319921,-0.00029999,-1.66795e-05,0.000642635,-3.80975e-08,5.38046e-06,-0.000319921,-3.80975e-08,0.000660919
19867,27.8535,49.4539,2.01111,0.0159452,0.824293,-0.551769,0.0181853,0.0138816,0.508772,0.00152514,-0.00013297,2.66133e-06,0.00152514,0.522991,7.75837e-06,-0.000140411,-0.00013297,7.75837e-06,0.000413297,3.55168e-10,2.66133e-06,-0.000140411,3.55168e-10,0.000422512
19906,27.2013,49.905,1.99745,0.0159165,0.947243,-0.0627832,-0.00732604,0.00199038,0.508621,0.00143303,-0.000100318,2.45421e-06,0.00143303,0.522579,-6.62105e-06,-9.99689e-05,-0.000100318,-6.62105e-06,0.000377816,-6.40986e-08,2.45421e-06,-9.99689e-05,-6.40986e-08,0.000386216
19994,23.3566,49.4954,1.98122,0.00590365,-1.15843,-0.449719,-0.0101121,-0.0121823,0.508666,0.00134255,-0.000295868,4.76548e-06,0.00134255,0.52378,-3.52468e-06,-0.000317472,-0.000295868,-3.52468e-06,0.000640687,-1.4723e-07,4.76548e-06,-0.000317472,-1.4723e-07,0.000659072
20076,23.3674,51.1146,1.99435,-0.0198051,0.491534,1.23511,0.0189758,-0.0281746,0.50861,0.0012442,-0.000293255,5.51398e-06,0.0012442,0.524109,9.39988e-07,-0.000320358,-0.000293255,9.39988e-07,0.000619222,-6.342e-08,5.51398e-06,-0.000320358,-6.342e-08,0.000635925
20164,22.7928,49.72,1.99332,0.00224253,1.66391,-0.200017,0.0108608,0.0154429,0.508593,0.00115409,-0.000326756,6.23587e-06,0.00115409,0.525109,1.49938e-05,-0.000335157,-0.000326756,1.49938e-05,0.000651892,1.19072e-07,6.23587e-06,-0.000335157,1.19072e-07,0.000669895
20225,19.1672,50.8301,2.01364,-0.0217897,-0.771246,0.947961,0.0314609,-0.01928,0.508418,0.00108683,-0.000198637,4.38544e-06,0.00108683,0.52512,-1.05331e-05,-0.000204128,-0.000198637,-1.05331e-05,0.000504704,6.19205e-09,4.38544e-06,-0.000204128,6.19205e-09,0.00051724
20288,18.2692,50.9398,2.00029,0.0111577,-0.382776,0.970691,-0.00150048,0.0297914,0.508324,0.00100643,-0.000193142,3.52628e-06,0.00100643,0.525258,1.42524e-05,-0.000189563,-0.000193142,1.42524e-05,0.000510819,1.35721e-07,3.52628e-06,-0.000189563,1.35721e-07,0.000524035
20329,18.142,48.7642,1.9953,0.0209163,0.312991,-1.2334,-0.00175937,0.0144213,0.508171,0.000945256,-0.000113332,2.15478e-06,0.000945256,0.525239,-1.30234e-05,-0.000119617,-0.000113332,-1.30234e-05,0.000393207,-3.49071e-08,2.15478e-06,-0.000119617,-3.49071e-08,0.000401897
20368,17.2768,50.1402,2.0041,-0.00116971,0.221449,0.248728,0.0144508,-0.018213,0.50805,0.000878498,-9.61381e-05,2.33661e-06,0.000878498,0.524642,-1.74935e-05,-0.00010676,-9.61381e-05,-1.74935e-05,0.000376559,-5.86891e-08,2.33661e-06,-0.00010676,-5.86891e-08,0.000384854
20444,14.9985,50.0338,2.00252,-0.00284816,-0.537848,0.0977867,0.00771471,-0.00760494,0.508054,0.00080264,-0.000232755,3.68617e-06,0.00080264,0.524763,8.9707e-06,-0.000247745,-0.000232755,8.9707e-06,0.000574445,-3.90649e-08,3.68617e-06,-0.000247745,-3.90649e-08,0.00059034
20506,13.9899,49.2501,1.99266,-0.000801975,-0.295507,-0.692703,-0.00346524,-0.00153139,0.507956,0.00074313,-0.000191835,2.95667e-06,0.00074313,0.524861,6.16284e-06,-0.000200233,-0.000191835,6.16284e-06,0.000507944,-2.38756e-09,2.95667e-06,-0.000200233,-2.38756e-09,0.000520896
20554,13.5327,49.8678,2.01095,-0.000399919,0.207437,-0.0506606,0.0220395,-0.000297382,0.507833,0.000692635,-0.000135383,2.34824e-06,0.000692635,0.524532,1.57548e-06,-0.000147758,-0.000135383,1.57548e-06,0.000430295,2.12526e-09,2.34824e-06,-0.000147758,2.12526e-09,0.000440338
20605,11.6343,49.3676,1.994,0.00183027,-0.666125,-0.526849,-0.00618232,8.93188e-05,0.507744,0.000642803,-0.000137366,2.35967e-06,0.000642803,0.52433,-1.98663e-06,-0.000138074,-0.000137366,-1.98663e-06,0.000442601,-1.40823e-09,2.35967e-06,-0.000138074,-1.40823e-09,0.000453428
20665,10.8901,50.5643,1.99765,0.00519009,-0.205042,0.709473,0.00503868,-0.00116559,0.507686,0.000589654,-0.000170749,3.08018e-06,0.000589654,0.524427,-2.87533e-06,-0.000184932,-0.000170749,-2.87533e-06,0.000491643,-2.31338e-08,3.08018e-06,-0.000184932,-2.31338e-08,0.000504207
20725,9.53855,49.4151,2.01176,-0.000959,-0.356685,-0.466032,0.0208698,-0.00640721,0.507618,0.000537678,-0.000175994,2.81174e-06,0.000537678,0.524492,9.30406e-07,-0.000187795,-0.000175994,9.30406e-07,0.000494026,-3.59671e-08,2.81174e-06,-0.000187795,-3.59671e-08,0.000506533
20811,7.75718,50.8559,2.0075,-0.0030583,-0.409481,1.0087,0.00528979,-0.00635661,0.507402,0.000408609,-0.000298232,4.3171e-06,0.000408609,0.522786,-1.99259e-07,-0.000302305,-0.000298232,-1.99259e-07,0.000636339,-1.99414e-08,4.3171e-06,-0.000302305,-1.99414e-08,0.000654323
20911,6.05601,49.4268,1.98498,-0.00245274,-0.101107,-0.471377,-0.0126087,-0.00510743,0.507511,0.00036048,-0.00039906,4.48521e-06,0.00036048,0.523776,4.88975e-06,-0.000418647,-0.00039906,4.88975e-06,0.000719406,-1.35946e-08,4.48521e-06,-0.000418647,-1.35946e-08,0.000740123
20996,4.50163,49.9666,2.00354,-0.00915704,0.0269009,0.0671538,0.0239509,-0.00724607,0.507447,0.000319441,-0.000320619,3.47471e-06,0.000319441,0.524572,4.16368e-06,-0.000348166,-0.000320619,4.16368e-06,0.000637631,1.43348e-08,3.47471e-06,-0.000348166,1.43348e-08,0.00065497
21079,2.93345,50.075,1.99821,0.00282648,0.127268,0.184682,0.00380341,0.012697,0.507422,0.000283886,-0.000302708,3.16256e-06,0.000283886,0.525304,1.40302e-06,-0.000309667,-0.000302708,1.40302e-06,0.000624644,7.36429e-08,3.16256e-06,-0.000309667,7.36429e-08,0.000641783
21151,0.427083,51.9541,1.99038,0.00708012,-0.943399,2.06088,0.00140577,0.00480304,0.507347,0.000255134,-0.000244882,2.53534e-06,0.000255134,0.525674,-7.65655e-06,-0.000257,-0.000244882,-7.65655e-06,0.000563818,-2.22897e-09,2.53534e-06,-0.000257,-2.22897e-09,0.000578693
21224,-0.558528,50.0249,1.99272,-0.000163953,-0.467646,0.0511011,0.0116284,-0.00687718,0.507311,0.000217274,-0.000243196,7.73334e-06,0.000217274,0.526078,-7.56075e-06,-0.000258224,-0.000243196,-7.56075e-06,0.000567451,2.8641e-07,7.73334e-06,-0.000258224,2.8641e-07,0.000582419
21250,0.177388,50.5986,2.0068,-0.0179465,0.796194,0.653838,0.0183598,-0.0200429,0.507136,0.000186454,-8.05915e-05,6.78935e-06,0.000186454,0.52494,-3.12652e-06,-7.9822e-05,-8.05915e-05,-3.12652e-06,0.00031632,1.62784e-07,6.78935e-06,-7.9822e-05,1.62784e-07,0.000321915
21304,-2.16504,49.4454,1.99218,0.000387812,-0.481742,-0.399,-0.00639697,0.0122561,0.507095,5.08098e-05,-0.000135235,2.58773e-05,5.08098e-05,0.525313,-1.28783e-05,-0.000136198,-0.000135235,-1.28783e-05,0.000449887,7.20809e-07,2.58773e-05,-0.000136198,7.20809e-07,0.000461187
21341,-1.75019,49.0021,2.00924,-0.00087029,0.656742,-0.679172,0.0197807,0.00107546,0.507005,-6.30732e-05,-9.04411e-05,2.47331e-05,-6.30732e-05,0.524619,-2.6831e-05,-0.000101599,-9.04411e-05,-2.6831e-05,0.000369298,3.37114e-07,2.47331e-05,-0.000101599,3.37114e-07,0.000377155
21413,-4.88983,49.6664,2.00741,-0.00159319,-1.12705,0.490825,0.00854573,-0.00411532,0.50706,-0.000375914,-0.000195774,8.47381e-05,-0.000375914,0.524501,-8.70924e-05,-0.000207297,-0.000195774,-8.70924e-05,0.000552028,1.12558e-06,8.47381e-05,-0.000207297,1.12558e-06,0.000566893
21451,-4.54657,50.5975,2.00127,-0.0103827,-0.0759175,1.7234,-0.00239045,-0.0100942,0.506971,-0.000613564,-9.46925e-05,4.90485e-05,-0.000613564,0.524241,-4.55688e-05,-9.63285e-05,-9.46925e-05,-4.55688e-05,0.000378828,3.59205e-07,4.90485e-05,-9.63285e-05,3.59205e-07,0.000386913
21540,-5.19727,48.1385,1.96898,-0.00287703,0.78077,0.132363,-0.0314262,0.00429392,0.507248,-0.00131275,-0.000241747,0.000188216,-0.00131275,0.524916,-0.000177109,-0.000264348,-0.000241747,-0.000177109,0.000646368,1.72915e-06,0.000188216,-0.000264348,1.72915e-06,0.000664556
21634,-7.11715,46.4246,1.99841,0.0053672,0.190746,-0.334514,0.0302131,-0.00283259,0.507669,-0.00222559,-0.000240206,0.000279805,-0.00222559,0.525344,-0.000275691,-0.000283221,-0.000240206,-0.000275691,0.000686024,1.79655e-06,0.000279805,-0.000283221,1.79655e-06,0.000704629
21679,-9.64623,45.4828,1.98754,0.00373707,-1.76677,-0.55553,-0.00458531,-0.00569239,0.507663,-0.00252453,-8.6511e-05,0.000112856,-0.00252453,0.524286,-0.000111905,-8.07193e-05,-8.6511e-05,-0.000111905,0.00041959,4.40611e-07,0.000112856,-8.07193e-05,4.40611e-07,0.000428923
21731,-8.75112,45.0488,1.9964,-0.0397978,-0.280577,-0.109076,0.00984198,-0.048499,0.507904,-0.00292045,-7.45005e-05,0.000127456,-0.00292045,0.523502,-0.000119644,-8.49381e-05,-7.45005e-05,-0.000119644,0.000447311,5.62159e-07,0.000127456,-8.49381e-05,5.62159e-07,0.000458065
21757,-9.62036,45.6159,2.00993,0.00792582,-0.87472,0.907884,0.0174118,0.0346282,0.507903,-0.00293438,-4.14951e-05,6.19965e-05,-0.00293438,0.522344,-3.74003e-05,-3.50405e-05,-4.14951e-05,-3.74003e-05,0.000311554,2.80776e-07,6.19965e-05,-3.50405e-05,2.80776e-07,0.000317142
21837,-10.0046,44.5799,1.98492,-0.0147708,-0.60057,1.27283,-0.0147888,-0.0161498,0.50864,-0.00362926,-7.82376e-05,0.000237082,-0.00362926,0.521926,-0.000231888,-8.79532e-05,-7.82376e-05,-0.000231888,0.000590466,1.38037e-06,0.000237082,-8.79532e-05,1.38037e-06,0.000606944
21926,-9.84154,41.9438,2.00283,0.0101227,0.0181036,0.270776,0.0181931,0.0150023,0.509693,-0.00433393,-5.5696e-05,0.000340892,-0.00433393,0.521298,-0.000313227,-7.61662e-05,-5.5696e-05,-0.000313227,0.000656654,1.69373e-06,0.000340892,-7.61662e-05,1.69373e-06,0.000674453
21978,-10.9136,39.8863,1.98308,0.00331842,-0.960594,-0.753002,-0.0149608,-0.00803419,0.510226,-0.00466015,-5.20949e-06,0.000164607,-0.00466015,0.520454,-0.00016702,-9.38673e-06,-5.20949e-06,-0.00016702,0.000456322,5.51508e-07,0.000164607,-9.38673e-06,5.51508e-07,0.000467104
22003,-9.71032,40.7746,2.00065,0.00401744,0.259344,0.657423,0.0139659,-0.00117731,0.510194,-0.00443005,-2.076e-06,7.95656e-05,-0.00443005,0.519339,-6.88671e-05,-1.10158e-05,-2.076e-06,-6.88671e-05,0.000306695,1.01364e-07,7.95656e-05,-1.10158e-05,1.01364e-07,0.00031211
22095,-10.4838,37.2852,1.99892,0.0129566,-0.526981,-0.996457,0.00492112,0.00345485,0.511637,-0.00480888,-1.61927e-06,0.000326139,-0.00480888,0.518599,-0.000309026,-1.38729e-05,-1.61927e-06,-0.000309026,0.000656205,-4.02679e-08,0.000326139,-1.38729e-05,-4.02679e-08,0.000675349
22188,-9.40285,37.4324,2.01305,0.00544366,0.545227,1.04533,0.0189567,-0.00820279,0.513163,-0.00507964,3.36835e-07,0.000375653,-0.00507964,0.517885,-0.000357345,-1.15264e-05,3.36835e-07,-0.000357345,0.000680751,-9.8674e-08,0.000375653,-1.15264e-05,-9.8674e-08,0.000699957
22236,-8.99739,34.5142,1.9943,-0.00828355,0.951646,-0.929393,-0.0138508,-0.0157602,0.513791,-0.00514156,-5.49426e-06,0.000152601,-0.00514156,0.51713,-0.000148845,1.17135e-06,-5.49426e-06,-0.000148845,0.00043552,-2.62836e-08,0.000152601,1.17135e-06,-2.62836e-08,0.000445666
22293,-10.5489,35.3281,2.01826,0.00672332,-0.61864,1.05399,0.024032,0.0104929,0.514453,-0.00503101,-7.95204e-06,0.000180653,-0.00503101,0.516435,-0.000158202,-7.26937e-06,-7.95204e-06,-0.000158202,0.000475094,1.42621e-08,0.000180653,-7.26937e-06,1.42621e-08,0.000487059
22336,-10.1899,33.2755,2.01571,0.00449274,-0.253844,-0.155686,0.00533445,0.000431263,0.514677,-0.00481289,3.26961e-06,0.000117057,-0.00481289,0.515772,-0.000116497,1.24283e-06,3.26961e-06,-0.000116497,0.000402282,-2.48562e-08,0.000117057,1.24283e-06,-2.48562e-08,0.00041153
22394,-10.0243,32.9218,2.02163,0.0170155,-0.0837956,0.661995,0.00921432,0.00872905,0.515788,-0.00487795,1.85799e-07,0.000168245,-0.00487795,0.515306,-0.000158925,-9.94522e-07,1.85799e-07,-0.000158925,0.000478478,-3.52505e-08,0.000168245,-9.94522e-07,-3.52505e-08,0.000490876
22431,-9.97367,31.9615,1.99471,0.0239058,0.017278,0.420615,-0.0252842,0.00849315,0.514619,-0.00399959,-2.52612e-06,9.88256e-05,-0.00399959,0.513639,-9.34636e-05,5.28293e-07,-2.52612e-06,-9.34636e-05,0.000370677,-5.97589e-08,9.88256e-05,5.28293e-07,-5.97589e-08,0.000378772
22465,-9.51789,31.3347,1.99649,0.00905521,0.470202,0.456922,-0.00431671,-0.0145004,0.515039,-0.00393757,2.4837e-06,9.82394e-05,-0.00393757,0.513256,-7.99713e-05,-4.96907e-06,2.4837e-06,-7.99713e-05,0.000348601,-7.55086e-08,9.82394e-05,-4.96907e-06,-7.55086e-08,0.000356005
22542,-8.47905,28.709,1.98928,-0.00267229,1.5013,-0.638304,-0.0108582,-0.0175116,0.515485,-0.00365757,-6.47387e-06,0.000263519,-0.00365757,0.512902,-0.000231117,-6.12301e-06,-6.47387e-06,-0.000231117,0.00057765,-1.24615e-07,0.000263519,-6.12301e-06,-1.24615e-07,0.000593838
22594,-10.2564,28.7014,1.99857,0.00468211,-0.314688,0.411234,0.00967067,0.00420178,0.516278,-0.00363846,-8.20938e-06,0.000172375,-0.00363846,0.512552,-0.000150673,-2.70504e-06,-8.20938e-06,-0.000150673,0.000454194,-1.56802e-08,0.000172375,-2.70504e-06,-1.56802e-08,0.000465033
22644,-11.1006,27.2404,1.98711,-0.0159731,-1.15263,-0.0588826,-0.010304,-0.0205275,0.516629,-0.00349683,-4.14078e-08,0.000147832,-0.00349683,0.51222,-0.000136659,-1.4914e-07,-4.14078e-08,-0.000136659,0.000438545,-2.45982e-08,0.000147832,-1.4914e-07,-2.45982e-08,0.000449068
22699,-8.78335,26.8889,1.98327,0.00788196,1.21843,0.674324,-0.00645282,0.0182663,0.517587,-0.00346764,-1.34514e-05,0.000169601,-0.00346764,0.511951,-0.000148727,-1.31942e-06,-1.34514e-05,-0.000148727,0.000464527,4.60562e-08,0.000169601,-1.31942e-06,4.60562e-08,0.000476008
22761,-10.18,24.8325,2.00481,0.0048721,-0.215915,-0.161779,0.0204804,0.00241264,0.51779,-0.003267,8.15479e-06,0.000203011,-0.003267,0.511682,-0.000182602,-1.23207e-06,8.15479e-06,-0.000182602,0.000503598,-7.92012e-09,0.000203011,-1.23207e-06,-7.92012e-09,0.000516429
22814,-9.13666,24.6091,1.98817,-0.0129439,0.834811,0.684442,-0.0113774,-0.0148004,0.518621,-0.00320939,2.43562e-06,0.000152235,-0.00320939,0.511419,-0.00015115,2.26713e-06,2.43562e-06,-0.00015115,0.000456875,-1.84874e-08,0.000152235,2.26713e-06,-1.84874e-08,0.000468048
22857,-9.37919,22.0498,1.99422,0.0038589,0.573224,-1.0323,0.00452733,0.0132959,0.51866,-0.00304491,-5.58998e-06,0.000129346,-0.00304491,0.511141,-0.000112644,-7.90184e-08,-5.58998e-06,-0.000112644,0.000401403,4.19061e-08,0.000129346,-7.90184e-08,4.19061e-08,0.000410462
22902,-9.19277,21.9377,1.99214,0.000476622,0.729629,-0.220139,-0.00415992,-0.00152279,0.519264,-0.00296725,7.29266e-06,0.000122931,-0.00296725,0.510907,-0.000114572,1.2148e-06,7.29266e-06,-0.000114572,0.000408875,-4.19479e-09,0.000122931,1.2148e-06,-4.19479e-09,0.000418416
22983,-10.1975,20.1581,1.99123,-0.00139821,-0.282612,-0.378548,-0.00551125,-0.00555357,0.520002,-0.00281122,1.1085e-07,0.000285124,-0.00281122,0.510797,-0.00026165,1.12749e-06,1.1085e-07,-0.00026165,0.000604186,-1.57118e-08,0.000285124,1.12749e-06,-1.57118e-08,0.000621086
23066,-10.3887,17.035,2.01982,-0.00398327,-0.461134,-1.84505,0.0291066,-0.0061195,0.520686,-0.00266225,-3.88727e-06,0.000325585,-0.00266225,0.510662,-0.000294432,8.34009e-07,-3.88727e-06,-0.000294432,0.000623745,-1.26229e-08,0.000325585,8.34009e-07,-1.26229e-08,0.000640808
23101,-9.49916,17.8231,2.01192,-0.00241433,0.442422,-0.302735,-0.00217193,0.000288983,0.520745,-0.00255196,-5.03833e-06,9.81335e-05,-0.00255196,0.510343,-0.00010683,2.78034e-06,-5.03833e-06,-0.00010683,0.000365157,2.01089e-08,9.81335e-05,2.78034e-06,2.01089e-08,0.000372747
23158,-10.9494,17.0347,1.9932,-0.0115399,-1.03764,0.0643414,-0.0182676,-0.00984763,0.521106,-0.00242883,1.45709e-06,0.000166,-0.00242883,0.510176,-0.000154622,2.04101e-06,1.45709e-06,-0.000154622,0.000470405,1.2766e-08,0.000166,2.04101e-06,1.2766e-08,0.000482566
23194,-10.6897,16.0189,2.0084,-0.00273865,-0.728962,-0.244338,0.0107037,0.00498407,0.521282,-0.00232267,-7.57538e-06,0.000112095,-0.00232267,0.509954,-9.31641e-05,6.26343e-07,-7.57538e-06,-9.31641e-05,0.000365039,2.62697e-08,0.000112095,6.26343e-07,2.62697e-08,0.000372768
23283,-10.1445,13.1974,1.99878,-0.0119052,-0.171942,-1.27345,-0.00889885,-0.00771623,0.522732,-0.00223949,2.15535e-06,0.000317681,-0.00223949,0.50995,-0.000299786,2.86257e-06,2.15535e-06,-0.000299786,0.00064523,4.75494e-08,0.000317681,2.86257e-06,4.75494e-08,0.000664012
23379,-9.51379,10.5758,2.02519,0.0240519,0.489072,-1.95303,0.0193736,0.0337603,0.523727,-0.00211889,-6.32893e-06,0.000406659,-0.00211889,0.509931,-0.000373348,2.04116e-06,-6.32893e-06,-0.000373348,0.000697214,7.8286e-08,0.000406659,2.04116e-06,7.8286e-08,0.000717197
23407,-10.5577,12.9788,1.99222,-0.0040686,-0.608005,1.06587,-0.0328022,-0.0260847,0.523338,-0.00201029,2.26805e-05,9.0329e-05,-0.00201029,0.509577,-9.76907e-05,1.80281e-06,2.26805e-05,-9.76907e-05,0.000330174,-1.02063e-07,9.0329e-05,1.80281e-06,-1.02063e-07,0.000336294
23448,-9.9001,11.3933,2.0027,0.00340184,0.0937452,0.26983,-0.00137438,-0.00273619,0.522457,-0.00185679,-8.65302e-06,0.000125065,-0.00185679,0.509407,-9.99868e-05,7.82742e-07,-8.65302e-06,-9.99868e-05,0.000382045,-3.13813e-08,0.000125065,7.82742e-07,-3.13813e-08,0.000390855
23522,-9.95106,9.90492,1.99174,0.0018271,0.0262369,0.259679,-0.0132353,-0.00542125,0.523783,-0.00176648,8.43901e-06,0.000243844,-0.00176648,0.509349,-0.000223662,1.30912e-05,8.43901e-06,-0.000223662,0.000563923,6.01468e-07,0.000243844,1.30912e-05,6.01468e-07,0.000579526
23621,-9.18882,6.90055,2.0005,0.00189861,0.504456,-0.804057,0.00271979,-0.00178795,0.524782,-0.00143327,9.36785e-05,0.000408884,-0.00143327,0.509409,-0.000371215,9.53723e-05,9.36785e-05,-0.000371215,0.000711695,2.00391e-06,0.000408884,9.53723e-05,2.00391e-06,0.000731657
23704,-9.38893,6.34111,1.98564,0.0131742,-0.246052,0.223669,-0.0173261,0.00841483,0.525469,-0.00091473,0.000121779,0.000299649,-0.00091473,0.509298,-0.000282083,0.00012486,0.000121779,-0.000282083,0.000626369,1.43102e-06,0.000299649,0.00012486,1.43102e-06,0.000643254
23729,-8.1064,6.67827,2.02267,0.00530369,0.83505,0.996052,0.0341095,-0.00741359,0.524816,-0.000675743,4.22544e-05,9.1965e-05,-0.000675743,0.50903,-7.60689e-05,3.90535e-05,4.22544e-05,-7.60689e-05,0.000312769,1.40808e-07,9.1965e-05,3.90535e-05,1.40808e-07,0.000318103
23785,-7.88194,4.68368,1.99146,-0.0113839,0.462237,-0.0302249,-0.0203106,-0.0203075,0.524591,-0.000195057,7.64716e-05,0.000119642,-0.000195057,0.508992,-0.000122837,7.98241e-05,7.64716e-05,-0.000122837,0.000460177,6.57616e-07,0.000119642,7.98241e-05,6.57616e-07,0.000472058
23884,-6.56644,3.51169,1.9962,0.00207812,0.548045,0.340781,0.0042344,0.00585054,0.522233,0.0006585,0.000232402,0.00028303,0.0006585,0.508933,-0.000261043,0.000258555,0.000232402,-0.000261043,0.000707093,2.05333e-06,0.00028303,0.000258555,2.05333e-06,0.000726981
23911,-7.7043,2.76597,1.99488,0.00432824,-1.02092,-0.0408181,-0.00134481,0.00125812,0.521226,0.000816227,6.99068e-05,6.70447e-05,0.000816227,0.508715,-6.1679e-05,6.8925e-05,6.99068e-05,-6.1679e-05,0.00032508,1.86466e-07,6.70447e-05,6.8925e-05,1.86466e-07,0.000330821
23989,-4.86574,1.12848,1.9788,0.003272,0.629377,-0.722439,-0.0151458,-0.00624597,0.521301,0.00157969,0.000201249,0.000149551,0.00157969,0.509084,-0.000134209,0.000207142,0.000201249,-0.000134209,0.000580873,1.25045e-06,0.000149551,0.000207142,1.25045e-06,0.000596844
